Top queries,Last 28 days Clicks,Previous 28 days Clicks,Last 28 days Impressions,Previous 28 days Impressions,Last 28 days CTR,Previous 28 days CTR,Last 28 days Position,Previous 28 days Position
compress folder,1467,1174,4025,3745,36.45%,31.35%,2.08,2.69
zip file password remover online,928,462,1560,1368,59.49%,33.77%,2.08,4.77
folder compressor,806,657,1979,1817,40.73%,36.16%,2.02,2.61
compress zip folder,609,422,1927,1829,31.6%,23.07%,2.67,3.71
compress zip file,461,251,8703,4214,5.3%,5.96%,7.07,7.4
zip file compressor,393,262,8249,4700,4.76%,5.57%,7.15,7.27
reduce zip file size to 25mb,316,222,2892,2646,10.93%,8.39%,4.89,5.58
reduce zip file size,315,152,2535,1916,12.43%,7.93%,6.03,6.97
md5 to text,298,203,1402,1288,21.26%,15.76%,3.41,4.2
zip folder compressor,289,206,909,853,31.79%,24.15%,2.41,3.79
zip file size reducer,262,131,2157,1299,12.15%,10.08%,5.57,6.71
zip password unlocker online free,245,165,573,550,42.76%,30%,2.49,4.33
zip password remover online,244,143,527,525,46.3%,27.24%,2.32,4.72
compress zip file to 2mb,243,208,1375,1442,17.67%,14.42%,4.16,4.79
compress folder size,235,216,571,608,41.16%,35.53%,2.3,2.65
lcd test,234,16,23203,3219,1.01%,0.5%,6.23,9.37
compress folder online,234,194,1233,1376,18.98%,14.1%,3.49,4.59
zip file password remover online free,214,124,437,427,48.97%,29.04%,2.13,4.54
compress folder to zip,189,129,2112,1370,8.95%,9.42%,6.08,5.93
folder size reducer,159,154,446,388,35.65%,39.69%,2.22,2.51
md5 converter,154,120,1109,1058,13.89%,11.34%,2.93,3.6
compress zip file size,141,83,1216,952,11.6%,8.72%,5.42,6.47
remove password from zip file online,137,86,246,246,55.69%,34.96%,2,4.27
freetoolonline,137,126,178,165,76.97%,76.36%,1,1.08
compress zip file to 100kb,128,129,1010,1207,12.67%,10.69%,4.42,5.31
zip password recovery online,127,74,627,423,20.26%,17.49%,6.74,8
zip compressor,111,56,2247,814,4.94%,6.88%,8.01,9.11
folder compressor online,111,89,541,540,20.52%,16.48%,3.42,4.45
reduce folder size,98,100,268,301,36.57%,33.22%,2.46,2.8
reduce zip file size online free,95,61,593,572,16.02%,10.66%,5.08,6.24
compressed zip folder,90,58,500,476,18%,12.18%,3.38,3.72
how to reduce zip file size,88,62,745,648,11.81%,9.57%,3.99,4.4
compress zip folder online,87,81,338,344,25.74%,23.55%,2.82,3.79
file compressor,85,3,198355,633,0.04%,0.47%,9.91,54.38
compress zip file online,84,59,1651,1150,5.09%,5.13%,6.9,7.35
remove zip file password online,83,23,170,130,48.82%,17.69%,2.92,5.84
total photo editor,83,60,106,82,78.3%,73.17%,1.03,1.38
zip password remover online free,78,40,167,130,46.71%,30.77%,2.06,4.22
compress folder to smaller size,77,71,291,234,26.46%,30.34%,2.47,2.83
unlock zip file online,74,51,718,637,10.31%,8.01%,6.54,6.84
convert md5 to text,74,46,183,151,40.44%,30.46%,2.26,3.53
md5 to text converter,73,56,134,138,54.48%,40.58%,1.51,2.51
free tool online,72,61,166,141,43.37%,43.26%,8.05,1.87
compress zip,70,29,2291,856,3.06%,3.39%,7.75,8.53
md5 decrypt,69,32,2196,848,3.14%,3.77%,9.47,13.11
compress a folder,68,36,306,309,22.22%,11.65%,2.52,3.21
zip password remover,68,28,304,160,22.37%,17.5%,3.6,10.27
compress zip file to 20mb,66,69,420,533,15.71%,12.95%,4.52,5.21
compress zip file to smaller size,64,48,508,424,12.6%,11.32%,4.43,5.37
ffmpeg online,63,35,1746,803,3.61%,4.36%,7.02,8.33
camera test mobile,61,29,235,154,25.96%,18.83%,2.9,4.69
phone camera test,56,18,221,124,25.34%,14.52%,3.7,5.21
remove zip password online,56,29,156,137,35.9%,21.17%,1.92,3.77
comprimir carpeta zip online gratis,55,26,441,335,12.47%,7.76%,5.1,6.16
reduce folder size online,55,53,141,155,39.01%,34.19%,2.16,2.58
compress zip folder to smaller size,54,53,154,169,35.06%,31.36%,2.39,3.13
folder compress,52,37,144,122,36.11%,30.33%,2.17,3.08
comprimir zip online,50,50,767,697,6.52%,7.17%,5.72,5.96
lcd tester,49,22,1754,1066,2.79%,2.06%,5.63,6.7
make zip file smaller,49,22,334,251,14.67%,8.76%,5.08,6.04
online folder compressor,49,25,214,204,22.9%,12.25%,3.08,4.29
how to compress zip file to smaller size,48,43,709,388,6.77%,11.08%,4.28,4.18
compressed folder,48,23,292,260,16.44%,8.85%,2.94,4.13
free tools online,48,46,239,338,20.08%,13.61%,1.72,3.14
test lcd,47,3,6403,542,0.73%,0.55%,7.65,10.61
folder to zip,47,9,1749,479,2.69%,1.88%,8.48,9.23
zip file compressor online,47,30,550,299,8.55%,10.03%,6.74,7.19
reduce zip file size to 25mb online free,47,27,430,232,10.93%,11.64%,3.9,4.38
zip folder size reducer,47,23,171,131,27.49%,17.56%,3.2,3.52
tes warna layar hp,46,0,134,0,34.33%,0%,2.25,0
reduce size of zip folder,46,26,112,102,41.07%,25.49%,2.34,2.85
reduce zip file size online,45,25,456,326,9.87%,7.67%,5.8,6.63
zip size reducer,44,38,550,408,8%,9.31%,5.53,6.67
zip file size compressor,44,23,302,197,14.57%,11.68%,5.3,6.38
quitar contraseña zip online,44,29,74,57,59.46%,50.88%,1.89,2.75
compress folders,43,27,186,146,23.12%,18.49%,2.68,3.05
folder size compressor,43,47,107,100,40.19%,47%,1.97,2.6
zip unlocker online,42,46,420,400,10%,11.5%,6.54,6.79
compress zip file to 10 mb,42,52,377,322,11.14%,16.15%,4.38,5.01
back camera test,42,11,75,36,56%,30.56%,1.92,3.36
imagemagick online,41,44,174,176,23.56%,25%,2.68,2.85
compress folder online free,41,23,173,149,23.7%,15.44%,3.54,4.08
compress zipped folder,40,27,139,116,28.78%,23.28%,2.47,3.31
reduce folder size online free,40,20,80,68,50%,29.41%,2.15,2.99
zarchiver password unlocker,40,26,72,55,55.56%,47.27%,3.06,5.09
tes lcd,39,0,904,5,4.31%,0%,7.65,9.4
lcd test online,39,10,736,540,5.3%,1.85%,5.36,7.15
zip password recovery online free,39,28,188,126,20.74%,22.22%,6.69,8.05
desbloquear zip con contraseña gratis,39,16,104,50,37.5%,32%,4.84,4.82
zip password unlock online,39,26,79,77,49.37%,33.77%,2.61,5.17
text to md5,38,30,881,971,4.31%,3.09%,2.97,3.66
reducir tamaño zip online,38,40,266,192,14.29%,20.83%,4.2,4.83
giải mã md5 online,38,9,67,22,56.72%,40.91%,1.76,2.68
resize zip file,37,33,492,419,7.52%,7.88%,5.37,6.29
compress the folder size,37,24,85,65,43.53%,36.92%,2.02,2.6
md5 decrypt online,36,13,553,259,6.51%,5.02%,9.13,11.93
zip file reduce size,36,18,431,268,8.35%,6.72%,6.58,7.76
md5 hash converter,36,35,205,163,17.56%,21.47%,2.72,3.79
compress the folder,36,22,103,89,34.95%,24.72%,2.09,2.75
reduce size of zip file,35,26,385,304,9.09%,8.55%,6.17,6.09
zip password unlocker,35,19,281,130,12.46%,14.62%,6.42,8.58
compress a zip folder,35,26,97,84,36.08%,30.95%,2.05,3.07
unlock zip password online,35,17,97,85,36.08%,20%,4.13,6.62
online zip password unlocker,35,30,86,85,40.7%,35.29%,2.9,5.59
compress zip file size online free,34,36,224,219,15.18%,16.44%,5.19,6.37
mobile camera test,34,20,92,63,36.96%,31.75%,2.84,4.02
reduce zip folder size online free,34,29,86,96,39.53%,30.21%,2.6,3.07
zip folder compressor online,32,24,87,82,36.78%,29.27%,2.82,3.94
online zip password remover,32,14,77,76,41.56%,18.42%,2.57,4.87
compactar pasta,31,14,615,219,5.04%,6.39%,7.33,7.14
md5 hash to text,31,19,273,211,11.36%,9%,3.9,4.8
remove password from zip file online free,30,16,51,38,58.82%,42.11%,1.67,4.34
split gif into frames,29,25,861,860,3.37%,2.91%,4.69,5.21
comprimir zip al máximo,29,24,314,232,9.24%,10.34%,6.05,7.65
compress zip file for email,29,13,110,81,26.36%,16.05%,3.91,3.52
compactar pasta online,29,15,86,44,33.72%,34.09%,3.74,3.39
quitar contraseña zip online gratis,29,10,48,22,60.42%,45.45%,1.71,2.41
comprimir zip al máximo online,28,9,134,66,20.9%,13.64%,4.08,4.85
folder to zip converter,27,18,1255,504,2.15%,3.57%,8.85,9.08
zip compressor online,27,22,413,354,6.54%,6.21%,6.92,7.28
compress zip size,27,25,341,340,7.92%,7.35%,5.5,6.56
zip size compressor,27,12,290,189,9.31%,6.35%,5.12,7.09
zip file size reducer online,27,22,205,171,13.17%,12.87%,5.75,6.7
md5 to plain text,27,16,197,168,13.71%,9.52%,3.64,4.6
unlock zip file online without password,27,9,79,45,34.18%,20%,3.24,7.2
compress zip file to 25mb,26,19,241,263,10.79%,7.22%,5.92,6.93
md5 to string,26,18,206,145,12.62%,12.41%,5.05,5
reduce zip folder size,26,18,96,86,27.08%,20.93%,2.72,3
kompres folder,26,24,70,83,37.14%,28.92%,2.17,3.46
phone camera test online,26,15,53,41,49.06%,36.59%,1.66,3.85
zip password remove online,26,11,48,33,54.17%,33.33%,2,3.97
folder compressor free,26,20,47,54,55.32%,37.04%,1.53,2.31
file compressor online,25,4,1416,373,1.77%,1.07%,8.61,13.22
camera test phone,25,7,107,37,23.36%,18.92%,3.63,5.76
zip file password recovery online free,24,5,175,62,13.71%,8.06%,7.33,12.79
reduce zip file size to 15mb,24,13,123,77,19.51%,16.88%,3.92,4.39
zip file password remover online android,24,11,106,53,22.64%,20.75%,4.04,5.7
compres folder,24,22,62,58,38.71%,37.93%,2.4,2.71
password remover zip file online,24,17,46,48,52.17%,35.42%,2.04,4.77
compress file,23,1,928,279,2.48%,0.36%,15.78,50
free online tools,23,8,622,379,3.7%,2.11%,7.54,14.5
comprimir arquivo zip,23,11,592,323,3.89%,3.41%,8.88,8.51
zipar pasta online,23,23,161,79,14.29%,29.11%,3.9,3.54
unlock zip file without password online,23,10,84,54,27.38%,18.52%,4.23,7
how to remove password from zip file online,23,8,66,44,34.85%,18.18%,2.18,3.43
compress zip file to 9 mb,23,14,55,58,41.82%,24.14%,3.07,3.9
compress folder zip,23,16,39,58,58.97%,27.59%,2.13,2.9
online file compressor,22,10,1494,604,1.47%,1.66%,8.93,12.02
tes lcd laptop,22,0,332,0,6.63%,0%,6.96,0
kompres file zip,22,14,203,141,10.84%,9.93%,6.6,6.65
how to reduce size of zip file,22,13,201,178,10.95%,7.3%,4.06,4.84
resize zip folder,22,16,61,56,36.07%,28.57%,2.59,3.34
compress zip folder size,22,15,59,59,37.29%,25.42%,2.34,3.29
folder compresser,22,16,46,40,47.83%,40%,1.87,2.38
free tool online heic to jpg,22,44,34,55,64.71%,80%,1,2.24
zip file password remover,21,12,150,81,14%,14.81%,4.95,12.99
reduce zip file size to 10 mb,21,12,65,85,32.31%,14.12%,3.72,4.24
remover senha de arquivo zip online,21,4,39,6,53.85%,66.67%,1.77,3.33
comprimir pasta zipada,20,16,484,296,4.13%,5.41%,8.47,8.07
zip file mb reducer,20,4,144,106,13.89%,3.77%,5.22,6.6
compress folder size online,20,6,67,52,29.85%,11.54%,3.28,4.08
unzip without password online,20,5,51,35,39.22%,14.29%,4.02,5.86
zip file lock remover online,20,10,35,19,57.14%,52.63%,1.57,3.58
heic to jpg,19,21,2185,2162,0.87%,0.97%,18.18,19.61
zip folder online,19,22,1488,1205,1.28%,1.83%,7.72,7.55
kompres file zip menjadi kecil online,19,17,149,147,12.75%,11.56%,5.78,6.09
compress zip file to 5mb,19,8,124,104,15.32%,7.69%,4.64,5.27
compress zip file size online,19,8,93,69,20.43%,11.59%,4.96,6.88
unlock zip password free,19,19,91,86,20.88%,22.09%,4.79,6.91
quitar contraseña zip,19,1,70,15,27.14%,6.67%,6.16,7.6
unlock password zip file online,19,7,46,36,41.3%,19.44%,4.3,6.75
file folder compressor,19,13,37,39,51.35%,33.33%,1.95,3.03
iphone camera test online,19,9,30,19,63.33%,47.37%,1.8,3.53
gif to frames,18,10,2157,1740,0.83%,0.57%,7.42,7.71
nén file zip online,18,10,226,93,7.96%,10.75%,6.52,6.15
compress zip file to 1mb,18,25,161,170,11.18%,14.71%,5.39,5.55
phone camera check,18,3,36,17,50%,17.65%,1.89,4.18
tes warna lcd,18,0,30,0,60%,0%,1.3,0
convert heic to jpg,17,25,5073,4122,0.34%,0.61%,7.93,10.6
zipar pasta,17,0,432,0,3.94%,0%,7.69,0
convert md5,17,12,145,117,11.72%,10.26%,3.39,4.28
tool online free,17,11,101,74,16.83%,14.86%,2.49,3.12
unzip password protected zip file online,17,6,72,51,23.61%,11.76%,5.1,7.41
compress zip folder online free,17,10,52,43,32.69%,23.26%,2.63,3.56
password zip file unlock online,17,14,45,48,37.78%,29.17%,4.22,6.35
zip file remove password online,17,8,23,16,73.91%,50%,2.26,4.19
compress a folder online,16,4,73,53,21.92%,7.55%,3.27,4.55
zip file password unlock online free,16,20,55,74,29.09%,27.03%,3.85,5.7
giảm dung lượng file zip online free,16,2,54,13,29.63%,15.38%,5.17,7.62
compress zip file to 30mb,16,12,47,61,34.04%,19.67%,2.85,3.56
zip file password remove,16,2,43,14,37.21%,14.29%,3.86,5.5
zip folder compressor online free,16,16,38,46,42.11%,34.78%,2.37,3.7
compactar pasta zipada,15,8,352,173,4.26%,4.62%,8.71,7.66
how to compress zip file size,15,8,225,197,6.67%,4.06%,6.8,4.72
convert to md5,15,4,175,165,8.57%,2.42%,2.79,3.54
zip file size reducer free,15,16,100,84,15%,19.05%,5.74,5.99
compress winrar file,15,8,96,56,15.62%,14.29%,7.36,8.77
folder compressor online free,15,19,81,78,18.52%,24.36%,3.22,4.32
giảm dung lượng file zip online,15,4,79,23,18.99%,17.39%,7.66,9.87
test warna layar hp,15,0,59,0,25.42%,0%,2.64,0
zip password remove,15,6,55,28,27.27%,21.43%,4.18,7.71
folder size reducer online,15,13,49,32,30.61%,40.62%,2.22,3
unlock zip file without password online free,15,13,46,53,32.61%,24.53%,3.65,6.64
quitar contraseña a zip,15,4,46,14,32.61%,28.57%,4.5,5.79
mobile camera test online,15,4,38,21,39.47%,19.05%,1.76,4.14
remover senha zip online,15,1,32,4,46.88%,25%,1.72,6.25
zarchiver zip password unlocker,15,14,32,26,46.88%,53.85%,2.44,4.42
free folder compressor,15,12,27,29,55.56%,41.38%,1.56,2.07
test phone camera,15,2,23,9,65.22%,22.22%,2.17,4.78
how to make a zip file smaller,14,15,1118,1062,1.25%,1.41%,6.87,4.56
online zip file compressor,14,10,492,273,2.85%,3.66%,6.79,7.95
zip compress,14,12,460,166,3.04%,7.23%,7.79,8.97
md5 convert,14,10,154,142,9.09%,7.04%,2.9,3.67
kompres zip 10 mb,14,16,142,111,9.86%,14.41%,5.01,5.22
zip file unlocker online,14,11,135,127,10.37%,8.66%,6.95,7.19
comprimir carpeta online gratis,14,8,101,85,13.86%,9.41%,5.99,7.36
cek warna layar hp,14,0,90,0,15.56%,0%,3.34,0
online compress folder,14,11,59,64,23.73%,17.19%,3.97,4.64
membuka password zip online,14,6,50,31,28%,19.35%,3.86,4.16
md5 hash to plain text,14,9,46,38,30.43%,23.68%,2.22,3.03
zip password recovery tool online,14,7,44,27,31.82%,25.93%,4.89,6.89
compress a zipped folder,14,9,43,27,32.56%,33.33%,2.26,2.56
reduce zip file size to 20mb,14,6,42,34,33.33%,17.65%,3.74,4.62
extract zip file without password online,14,5,33,13,42.42%,38.46%,4.64,7
md5 converter to text,14,14,31,35,45.16%,40%,1.39,2.23
back camera test online,14,6,27,17,51.85%,35.29%,1.81,3.53
zarchiver file password unlocker,14,5,25,10,56%,50%,2.16,4.4
quitar contraseña de zip online,14,10,24,18,58.33%,55.56%,1.58,2.94
how to compress zip file,13,7,1527,622,0.85%,1.13%,7.66,8.71
free tool,13,14,910,648,1.43%,2.16%,7.16,12.81
compress files online,13,0,404,165,3.22%,0%,9.58,16.74
reduce zip size,13,13,218,172,5.96%,7.56%,6.37,6.72
lcd tester online,13,3,181,185,7.18%,1.62%,3.33,4.94
reducir tamaño de archivo zip online,13,15,74,67,17.57%,22.39%,3.72,4.36
zip file password unlock online,13,9,52,38,25%,23.68%,5.13,6.74
pdf preflight online,13,14,47,42,27.66%,33.33%,2.57,2.38
back camera online,13,0,32,3,40.62%,0%,5.53,12.33
compress folder to reduce size,13,18,31,36,41.94%,50%,1.77,2.11
compressor de zip,13,2,29,9,44.83%,22.22%,2.24,2.89
eliminar contraseña zip online gratis,13,7,27,14,48.15%,50%,1.74,1.64
image cropper and rotator,13,9,20,19,65%,47.37%,1,1.32
gif frame extractor,12,6,1104,824,1.09%,0.73%,7.67,8.09
zipar arquivo online,12,4,399,198,3.01%,2.02%,6.27,8.21
md5 hash decrypt,12,2,349,91,3.44%,2.2%,10.13,20.49
online zip compressor,12,6,317,235,3.79%,2.55%,6.98,8.27
how to make zip file smaller,12,9,290,225,4.14%,4%,6.65,6.08
compress a zip file,12,9,194,132,6.19%,6.82%,6.42,8.14
compress zip file further,12,19,185,177,6.49%,10.73%,5.95,5.16
compress a zip file further,12,12,175,133,6.86%,9.02%,6.93,6.41
zip file reducer,12,8,164,101,7.32%,7.92%,5.97,6.91
decrease zip file size,12,9,153,103,7.84%,8.74%,6.27,7.2
compress zip files,12,8,149,122,8.05%,6.56%,6.97,9.23
reduce zip file,12,3,112,76,10.71%,3.95%,5.99,7.62
comprimir carpetas online,12,3,109,101,11.01%,2.97%,5.27,6.09
shrink zip file size,12,7,101,88,11.88%,7.95%,5.89,5.76
how to compress folder size,12,3,99,74,12.12%,4.05%,2.58,3.53
compactar arquivo zip online grátis,12,2,95,33,12.63%,6.06%,4.91,4.15
minimize zip file size,12,8,83,59,14.46%,13.56%,5.19,6.22
remove zip password,12,4,78,41,15.38%,9.76%,6.67,9.56
online zip password recovery,12,6,77,66,15.58%,9.09%,6.45,8.39
giải mã chuỗi md5 online,12,2,70,23,17.14%,8.7%,3.79,4.65
lostmypass - removedor online de senhas zip,12,0,61,0,19.67%,0%,5.21,0
compress folder free,12,12,56,43,21.43%,27.91%,2.27,2.88
compress folder for email,12,8,55,41,21.82%,19.51%,2.84,3.24
reduce zip file size to 10mb,12,4,52,33,23.08%,12.12%,3.65,4.61
unlock zip file password online,12,7,46,46,26.09%,15.22%,4.07,7.39
break zip password online,12,1,40,25,30%,4%,6.55,10.16
resize folder online,12,9,33,29,36.36%,31.03%,1.97,2.17
compress the zip folder,12,11,33,24,36.36%,45.83%,2.85,4
compressed folder size,12,8,31,20,38.71%,40%,2.29,2.9
unlock zip without password online,12,3,30,20,40%,15%,4.17,8.8
compress and zip folder,12,10,29,23,41.38%,43.48%,2.59,3
online zip file password unlocker free,12,12,28,34,42.86%,35.29%,3.43,6.03
reduce the folder size,12,7,25,17,48%,41.18%,1.96,2.82
compress zip file into smaller size,12,2,23,17,52.17%,11.76%,3.57,5.65
compress folder to 25mb,12,9,21,21,57.14%,42.86%,2.1,2.29
zip file converter,11,0,742,17,1.48%,0%,9.07,46.82
compactar zip,11,14,504,258,2.18%,5.43%,8.37,8
comprimir pasta,11,6,193,86,5.7%,6.98%,8.27,8.87
kompres file zip menjadi kecil,11,15,122,158,9.02%,9.49%,6.17,6.43
kompres zip 1 mb,11,23,110,169,10%,13.61%,5.31,5.62
md5 şifre çözme,11,0,94,20,11.7%,0%,6.17,6.7
how to reduce the size of zip file,11,15,86,64,12.79%,23.44%,3.71,3.64
online zip folder compressor,11,12,81,96,13.58%,12.5%,4.22,5.28
compresor de zip,11,5,64,62,17.19%,8.06%,4.19,5
camera test android,11,1,60,31,18.33%,3.23%,3.97,6.94
decrypt zip file online,11,2,57,16,19.3%,12.5%,5.63,7.44
how to decrease zip file size,11,6,56,77,19.64%,7.79%,3.3,4.94
online lcd test,11,5,56,320,19.64%,1.56%,3.3,4.91
compress zip file to 10mb,11,9,53,55,20.75%,16.36%,4,5.25
folder compression,11,14,48,57,22.92%,24.56%,2.17,2.65
password zip unlocker,11,2,47,19,23.4%,10.53%,6.49,8.16
remove zip password online free,11,5,42,22,26.19%,22.73%,2.83,4.86
compress file folder,11,6,40,41,27.5%,14.63%,1.9,2.88
remove password zip file online,11,13,40,46,27.5%,28.26%,2.8,6.11
file size reducer zip,11,0,38,20,28.95%,0%,4.61,7.85
md5 to text online,11,8,37,42,29.73%,19.05%,2.73,3.86
zip file unlock without password online,11,6,36,35,30.56%,17.14%,4.08,5.17
online compress zip folder,11,4,34,30,32.35%,13.33%,3.06,4.77
zip password break online,11,5,31,21,35.48%,23.81%,4.61,8.05
md5 hash to text converter,11,10,29,37,37.93%,27.03%,1.28,2.19
tes warna layar hp online,11,0,29,0,37.93%,0%,2,0
zip folder reduce size,11,8,29,30,37.93%,26.67%,2.59,3.6
quitar contraseña de archivo zip online,11,3,25,7,44%,42.86%,2.04,2.57
zip unlock password online,11,7,23,17,47.83%,41.18%,3.3,6.94
cek warna lcd,11,0,18,0,61.11%,0%,2,0
test my phone camera,11,0,17,0,64.71%,0%,1.88,0
free online folder compressor,11,9,15,16,73.33%,56.25%,1.27,2.19
how to compress a folder,10,6,8472,2808,0.12%,0.21%,6.25,8.32
heic to jpg converter,10,11,873,1009,1.15%,1.09%,20.79,17.67
file compressor free,10,1,565,265,1.77%,0.38%,11.69,23.16
compactar arquivo zip,10,5,488,314,2.05%,1.59%,9.22,8.81
folder to zip file,10,3,287,231,3.48%,1.3%,8.46,9.32
compress rar file online,10,2,180,46,5.56%,4.35%,6.46,9.54
comprimir carpeta gratis,10,5,84,47,11.9%,10.64%,5.9,6.91
how to reduce the zip file size,10,7,82,75,12.2%,9.33%,3.73,4.17
8k photo editor online free,10,0,79,32,12.66%,0%,7.05,12.84
zip file resizer,10,3,78,55,12.82%,5.45%,5.47,6.76
comprimir archivo zip al maximo,10,1,67,30,14.93%,3.33%,5.48,7.83
compress zip to smaller size,10,3,61,36,16.39%,8.33%,4.61,4.97
how to compress zip folder to smaller size,10,6,48,41,20.83%,14.63%,3.33,4.22
zip file password recovery online,10,5,46,19,21.74%,26.32%,8.78,8.95
zip file size compressor online,10,3,39,39,25.64%,7.69%,5.74,7.05
pdf preflight kostenlos,10,1,37,8,27.03%,12.5%,2.19,4.5
zip file unlocker online free,10,2,33,27,30.3%,7.41%,5.36,7.41
zip file opener without password online,10,6,32,22,31.25%,27.27%,4.47,6.77
dịch ngược mã md5,10,4,30,16,33.33%,25%,2.3,2.88
folder zip compressor,10,4,30,31,33.33%,12.9%,2.67,4.9
zip file extractor without password online,10,2,30,8,33.33%,25%,4.53,5.25
descomprimir zip con contraseña online,10,4,28,15,35.71%,26.67%,4.39,5.73
folder to compress zip file,10,4,26,21,38.46%,19.05%,3.04,4.71
file compressor folder,10,12,22,27,45.45%,44.44%,2.05,2.56
compress folder to 20mb,10,6,22,16,45.45%,37.5%,2.23,2.5
remove password zip online,10,5,17,15,58.82%,33.33%,1.71,3.2
quitar contraseña archivo zip online,10,8,16,12,62.5%,66.67%,2,2.58
remove password for zip file online,10,0,15,2,66.67%,0%,1.87,2.5
md5 to normal text,10,12,13,25,76.92%,48%,1,2.08
rear camera test,10,1,13,9,76.92%,11.11%,1.69,3.22
freetoolonline.com,10,6,12,8,83.33%,75%,1,1
dịch ngược mã md5 online,10,0,11,0,90.91%,0%,2.09,0
zip file online,9,2,1011,373,0.89%,0.54%,9.44,13.78
tool online,9,3,544,387,1.65%,0.78%,6.9,9.45
free file compressor,9,5,516,215,1.74%,2.33%,10.53,20.74
zip files online,9,1,472,155,1.91%,0.65%,9.82,14.79
led test,9,2,350,117,2.57%,1.71%,9.35,10.72
decrypt md5,9,5,336,190,2.68%,2.63%,10.58,18.54
ios to jpg,9,1,299,189,3.01%,0.53%,6.19,7.21
zipfile compressor,9,7,159,66,5.66%,10.61%,6.52,6.71
cek lcd online,9,1,149,11,6.04%,9.09%,5.25,7.09
diminuir tamanho zip,9,7,149,71,6.04%,9.86%,6.83,7.56
test lcd online,9,2,141,149,6.38%,1.34%,5.96,8.17
free online tool,9,4,137,125,6.57%,3.2%,3.69,6.15
compress rar file,9,2,82,65,10.98%,3.08%,10.09,13.63
compactar pasta zip online,9,5,76,26,11.84%,19.23%,3.91,3.96
perkecil ukuran zip,9,10,75,93,12%,10.75%,5.87,5.67
zip reduce size,9,3,74,38,12.16%,7.89%,6.42,7.76
free online zip folder compressor,9,0,72,76,12.5%,0%,1.69,3.01
reduce size of zip file online free,9,6,72,29,12.5%,20.69%,4.88,5.9
folder compress to zip,9,2,64,23,14.06%,8.7%,5.7,6.43
zip file compress,9,6,64,79,14.06%,7.59%,7.2,7.32
diminuir arquivo zip online,9,3,59,36,15.25%,8.33%,4.34,4.5
desbloquear zip,9,1,57,20,15.79%,5%,7.25,8.55
ถอดรหัส md5,9,2,54,26,16.67%,7.69%,4.63,6.46
crack zip password online,9,4,53,33,16.98%,12.12%,9.7,13.48
compress zip folder to smaller size online,9,10,50,50,18%,20%,3.24,3.62
decrypt md5 to plain text,9,1,45,22,20%,4.55%,4.76,7
convert md5 to string,9,4,39,25,23.08%,16%,3.62,3.24
reduce size of folder,9,8,38,25,23.68%,32%,2.08,2.2
zip unlocker online free,9,2,38,36,23.68%,5.56%,5.5,6.19
zip password unlocker online,9,2,29,26,31.03%,7.69%,3.1,5.54
minimize folder size,9,6,27,22,33.33%,27.27%,2.11,2.45
compress my folder,9,7,27,15,33.33%,46.67%,2.52,3.2
zip password opener online,9,6,25,16,36%,37.5%,3.44,5.38
desbloquear arquivo zip online,9,1,21,5,42.86%,20%,1.9,1.6
quitar contraseña a zip online,9,6,20,14,45%,42.86%,1.8,2
compress zip folder size online free,9,6,20,21,45%,28.57%,2.5,3.81
compress large folder to smaller size,9,9,19,24,47.37%,37.5%,2.05,2.42
quitar contraseña a un zip,9,2,19,8,47.37%,25%,5.63,7.5
remover senha arquivo zip online,9,3,18,4,50%,75%,2,1.25
folder file compressor,9,6,17,15,52.94%,40%,2.06,2.33
reduce size of compressed folder,9,6,16,11,56.25%,54.55%,1.81,2.18
online zip password unlocker free,9,3,15,12,60%,25%,2.4,5.08
desbloquear zip com senha online,9,1,14,2,64.29%,50%,3.14,4.5
how to compress a zip file,8,7,620,402,1.29%,1.74%,8.16,10.1
online zip,8,0,327,98,2.45%,0%,8.5,13.94
folder to zip converter online free,8,6,306,123,2.61%,4.88%,8.73,9.3
compressed zip file,8,3,170,140,4.71%,2.14%,10.3,15.21
zip file unlocker,8,2,137,65,5.84%,3.08%,8.38,13.42
zip unlocker,8,5,135,49,5.93%,10.2%,9.45,14.41
compress a folder to zip,8,2,123,81,6.5%,2.47%,6.48,6.58
how to reduce the size of a zip file,8,10,109,103,7.34%,9.71%,4.54,5.3
compress email size,8,2,97,78,8.25%,2.56%,6.48,8.46
diminuir tamanho de arquivo zip,8,3,96,39,8.33%,7.69%,6.25,7.18
compress the zip file size,8,5,87,56,9.2%,8.93%,8.01,6.64
zip file compressor online free,8,9,86,46,9.3%,19.57%,6.72,7.5
compress the zip file,8,3,82,55,9.76%,5.45%,7.73,7.18
md5 converter online,8,9,77,70,10.39%,12.86%,2.38,3.17
compress zip file free,8,2,73,46,10.96%,4.35%,7.6,6.87
how to reduce folder size,8,7,69,57,11.59%,12.28%,3.81,4.49
unlock zip password,8,2,50,29,16%,6.9%,7.24,9.1
zip file compressor free online,8,1,46,22,17.39%,4.55%,5.76,6.09
zip file compressor 10 mb,8,1,45,43,17.78%,2.33%,5,5.74
preflight online,8,11,44,54,18.18%,20.37%,1.73,2.72
comprimir carpeta online,8,7,44,58,18.18%,12.07%,4,4.62
compress winrar file online,8,4,43,40,18.6%,10%,4.63,8.03
zip file unlock online free,8,3,43,25,18.6%,12%,5.33,7.44
folder to zip compressor,8,4,42,25,19.05%,16%,4.5,5.68
zip file reduce size online free,8,2,40,30,20%,6.67%,4.8,6.63
comprimir carpetas gratis,8,0,39,24,20.51%,0%,6.82,7.33
compress zip file to 2mb online free,8,0,38,29,21.05%,0%,4.37,5.62
open zip file without password online,8,1,36,10,22.22%,10%,5.86,5.9
online folder compressor free,8,5,35,27,22.86%,18.52%,3.2,4.33
quitar contraseña archivo zip,8,1,32,4,25%,25%,4.19,5.25
7z password recovery online free,8,1,31,3,25.81%,33.33%,9.87,18.67
preflight pdf online,8,9,30,32,26.67%,28.12%,2.07,1.84
folder compressor zip,8,7,30,31,26.67%,22.58%,2.57,3.48
reduce rar file size online free,8,2,30,25,26.67%,8%,5.3,7.08
online zip file password unlocker,8,4,29,15,27.59%,26.67%,3.79,7
compress zip folder to 25 mb,8,8,28,23,28.57%,34.78%,2.57,3.17
unzip file without password online,8,2,28,18,28.57%,11.11%,6.29,5.94
resize folder size,8,8,27,31,29.63%,25.81%,2.22,2.77
reduce zip folder size to 25mb,8,4,27,14,29.63%,28.57%,3,3.43
zipar pasta online grátis,8,1,27,9,29.63%,11.11%,3.41,3.33
reduce file size zip folder,8,6,26,18,30.77%,33.33%,2.85,3.5
how to compress zip file to smaller size online,8,2,26,28,30.77%,7.14%,4.85,4
zip file extractor online without password,8,4,26,18,30.77%,22.22%,5.19,6.83
how to remove zip file password online,8,4,21,18,38.1%,22.22%,1.76,2.89
unlock zip password online free,8,5,20,15,40%,33.33%,4.45,5.87
kiểm tra nồng độ cồn online,8,47,18,81,44.44%,58.02%,1.72,1.57
mobile camera check,8,7,18,17,44.44%,41.18%,1.94,3.71
folder file size reducer,8,4,18,13,44.44%,30.77%,2.22,2.62
crack zip file password android,8,0,18,2,44.44%,0%,7.89,1
password remove zip file online,8,6,15,10,53.33%,60%,2.07,2.4
compress folder to 10 mb,8,7,15,20,53.33%,35%,2.33,2.6
compress folder file,8,5,15,9,53.33%,55.56%,2.47,2.44
heic to jpg free tools online,8,7,9,8,88.89%,87.5%,1,1.62
lcd check,7,4,944,303,0.74%,1.32%,7.32,8.81
lcdtest,7,2,874,557,0.8%,0.36%,5.67,7.13
zip folder,7,7,666,621,1.05%,1.13%,11.48,12.96
free tools,7,7,428,424,1.64%,1.65%,14.72,28.74
lcd checker,7,2,351,182,1.99%,1.1%,6.71,7.95
online free tools,7,3,196,132,3.57%,2.27%,5.44,11.43
reducir tamaño zip,7,12,196,183,3.57%,6.56%,8.46,8.3
how to compress zip folder,7,5,143,115,4.9%,4.35%,4.66,5.6
file compressor zip,7,0,111,74,6.31%,0%,13.85,17.91
compressed zipped folder,7,2,106,106,6.6%,1.89%,4.6,4.96
remove password zip file online free,7,2,88,67,7.95%,2.99%,4.33,3.81
converter md5,7,0,82,56,8.54%,0%,3.9,6.43
kompres zip menjadi kecil,7,7,77,47,9.09%,14.89%,4.35,5.32
ffmpeg online converter,7,3,66,59,10.61%,5.08%,5.68,7.46
how to compress a zip file to a smaller size,7,3,62,35,11.29%,8.57%,4.19,4.06
unlock zip online,7,6,56,68,12.5%,8.82%,5.73,6.84
zip file unlock online,7,16,56,82,12.5%,19.51%,7.41,7.76
kompres zip 2 mb,7,3,54,29,12.96%,10.34%,5.41,6.03
comprimir carpeta zip al máximo,7,4,51,57,13.73%,7.02%,6.49,7.88
comprimir arquivo zip online,7,1,48,17,14.58%,5.88%,4.04,4.29
compress zip to 10 mb,7,7,48,67,14.58%,10.45%,5.15,5.9
how to reduce size of zip folder,7,4,47,33,14.89%,12.12%,3.09,3.48
zip password unlock,7,0,39,7,17.95%,0%,7.38,15.29
desbloquear zip online,7,3,37,16,18.92%,18.75%,4.32,3.88
quebrar senha zip,7,0,35,4,20%,0%,9.83,14.5
how to compress zip to smaller size,7,3,34,31,20.59%,9.68%,3.85,4
compress a zip file to smaller size,7,2,30,23,23.33%,8.7%,4.17,6
zip folder size reducer online free,7,4,24,32,29.17%,12.5%,2.62,3.69
unlock password protected zip file online,7,1,24,26,29.17%,3.85%,5.96,6.77
folder size reducer online free,7,10,22,16,31.82%,62.5%,1.91,2.5
folder compress online,7,6,22,37,31.82%,16.22%,3.55,5
password remover zip,7,1,22,5,31.82%,20%,3.95,9.8
zip password recovery free online,7,0,20,8,35%,0%,5.45,6.62
kompres folder online,7,4,19,19,36.84%,21.05%,1.58,2.53
md5 to plain text converter,7,9,18,25,38.89%,36%,1.83,2.72
tirar senha de arquivo zip,7,2,18,3,38.89%,66.67%,5.78,10
online folder size reducer,7,0,17,0,41.18%,0%,1.94,0
folder mb reducer,7,0,17,0,41.18%,0%,2.29,0
camera test,6,3,915,341,0.66%,0.88%,16.74,42.57
md5 decode,6,2,530,184,1.13%,1.09%,9.96,12.06
compress file online,6,7,449,169,1.34%,4.14%,10.57,18.34
freetool,6,6,434,419,1.38%,1.43%,7.05,6.72
compressed file,6,1,390,154,1.54%,0.65%,11.63,23.87
zip converter,6,0,388,8,1.55%,0%,10.09,68
compress files,6,2,363,226,1.65%,0.88%,19.57,36.52
heic to jpg converter free,6,5,340,341,1.76%,1.47%,16.84,13.48
zip folder online free,6,11,324,394,1.85%,2.79%,6.69,7.17
heic to jpg free,6,4,321,167,1.87%,2.4%,13.27,16.99
4k photo editor online,6,7,228,204,2.63%,3.43%,12.52,15.92
compress file zip,6,6,208,168,2.88%,3.57%,8.15,8.87
md5 decrypter,6,2,149,63,4.03%,3.17%,10.12,21.59
preflight pdf,6,12,142,142,4.23%,8.45%,4.43,4.71
i love zip compress,6,1,135,78,4.44%,1.28%,7.06,7.83
cek layar lcd,6,0,135,0,4.44%,0%,8.81,0
free zip file compressor,6,1,133,68,4.51%,1.47%,5.98,5.26
compress folder to zip online,6,8,119,116,5.04%,6.9%,6,7.78
can you compress a zip file,6,1,117,46,5.13%,2.17%,8.38,9.65
zip file compressor free,6,4,112,62,5.36%,6.45%,7.38,8.95
comprimir archivos zip online,6,2,106,105,5.66%,1.9%,5.58,5.95
comprimir archivo zip online,6,7,105,117,5.71%,5.98%,6.14,6.45
บีบอัดไฟล์ zip,6,2,105,35,5.71%,5.71%,8.63,9.26
file zip compressor,6,1,96,68,6.25%,1.47%,14.31,16.87
image rotate and crop,6,0,95,29,6.32%,0%,7.37,8.83
tes warna layar,6,0,94,0,6.38%,0%,3.57,0
make zip smaller,6,3,93,72,6.45%,4.17%,5.63,5.57
reducir tamaño de zip,6,1,89,33,6.74%,3.03%,9.03,8.91
how to compress a zip file even smaller,6,0,80,53,7.5%,0%,7.17,8.36
compress zip file online free,6,9,79,63,7.59%,14.29%,6.35,7.52
camera quality test,6,0,75,72,8%,0%,5.41,8.11
online tools free,6,2,75,45,8%,4.44%,6.2,6.82
compress to zip folder,6,2,74,46,8.11%,4.35%,5.5,5.8
zip password online,6,5,66,30,9.09%,16.67%,7.95,10.57
compress rar file size online free,6,1,64,50,9.38%,2%,5.2,8.6
zip file size reducer online free,6,8,63,53,9.52%,15.09%,5.38,5.19
md5 hash to string,6,5,62,42,9.68%,11.9%,5.08,6.69
tính nồng độ cồn online,6,59,59,155,10.17%,38.06%,2.95,2.68
tes layar warna,6,0,56,0,10.71%,0%,2.96,0
text to md5 converter,6,10,55,59,10.91%,16.95%,2,2.39
compress zip file to 100mb,6,3,53,43,11.32%,6.98%,4.58,5.14
compress zip file to 5 mb,6,8,51,43,11.76%,18.6%,4.8,5.74
resize zip file size,6,1,48,27,12.5%,3.7%,4.96,5.85
reduce the zip file size,6,3,48,36,12.5%,8.33%,6.81,5.56
online zip file size reducer,6,5,45,42,13.33%,11.9%,4.89,6.98
compress zipfile,6,4,44,45,13.64%,8.89%,6.02,7.13
zip file compressor 20 mb,6,6,43,38,13.95%,15.79%,4.63,6.26
folder compress to zip file,6,6,41,29,14.63%,20.69%,4.02,5.83
reduce size of zip file online,6,4,41,32,14.63%,12.5%,4.9,6.47
winrar boyut küçültme online,6,3,41,21,14.63%,14.29%,7.71,10.52
check camera quality,6,2,37,21,16.22%,9.52%,5,6.57
compress zip file online less than 25 mb,6,4,37,36,16.22%,11.11%,5.46,5.61
mengecilkan ukuran zip online,6,4,34,40,17.65%,10%,4.94,5.17
how to compress a zipped folder,6,0,34,18,17.65%,0%,5.24,6.28
compress rar file size,6,0,34,7,17.65%,0%,7.82,11.57
how to decrease size of zip file,6,2,33,16,18.18%,12.5%,4.06,5.25
hash md5 to text,6,3,32,42,18.75%,7.14%,3.25,3.9
compress zip file to 20 mb,6,7,32,30,18.75%,23.33%,4.56,5.4
compress zip file to 30 mb,6,3,29,23,20.69%,13.04%,3.52,3.74
compressor folder,6,9,28,31,21.43%,29.03%,2.07,2.32
zip file compressor to 5mb,6,3,28,22,21.43%,13.64%,3.68,5.18
mail compressor online,6,1,28,15,21.43%,6.67%,4.14,7.8
reduce zip file size to 100mb,6,0,28,9,21.43%,0%,4.29,5.33
zip resizer online,6,3,28,21,21.43%,14.29%,5.93,6.95
compress folder below 25 mb,6,7,27,18,22.22%,38.89%,2.81,3.44
compress zip folders,6,4,26,16,23.08%,25%,2.65,2.81
cek layar warna,6,0,26,0,23.08%,0%,3.08,0
compress zip file to 4mb,6,2,26,19,23.08%,10.53%,3.35,5.32
md5 to,6,3,25,20,24%,15%,2.68,5.4
compressed folder online,6,5,25,32,24%,15.62%,3.68,4.28
compress zip files to smaller size,6,3,25,18,24%,16.67%,3.92,5.56
how to reduce file size of zip file,6,5,25,33,24%,15.15%,4.08,4.18
reduce size of a zip file,6,2,25,13,24%,15.38%,4.68,5.46
compress folder to smaller size online,6,6,24,19,25%,31.58%,1.88,3.16
compress zip file to 5mb online free,6,3,24,21,25%,14.29%,5.5,6.9
open zip without password online,6,5,24,22,25%,22.73%,5.79,6.5
folder resize online,6,9,23,25,26.09%,36%,2.26,2.56
compress the zip folder size,6,5,23,18,26.09%,27.78%,2.7,3.39
dịch md5,6,0,23,3,26.09%,0%,3.3,3.67
compress folder to zip under 25mb,6,1,21,10,28.57%,10%,2.43,3.8
reduce a zip file size,6,1,21,18,28.57%,5.56%,6.05,5.33
folder compression online,6,2,20,6,30%,33.33%,2.45,3.5
zip folder compress,6,6,20,22,30%,27.27%,2.95,3.95
make zip file size smaller,6,4,20,27,30%,14.81%,4.3,5.67
desbloquear archivo zip con contraseña,6,2,20,10,30%,20%,5.15,6.7
unzip large files online free,6,2,19,4,31.58%,50%,4.53,18.75
dịch mã md5,6,2,18,7,33.33%,28.57%,1.89,2.57
compress folder size online free,6,9,17,20,35.29%,45%,3,3.75
reduce rar file size online,6,1,17,23,35.29%,4.35%,5.18,7.87
zip file folder compressor,6,6,16,12,37.5%,50%,2.25,3.58
iphone camera tester,6,2,16,10,37.5%,20%,2.81,5.2
compress zip file to 8mb,6,1,16,19,37.5%,5.26%,3.44,4.26
quitar contraseña a zip online gratis,6,2,15,6,40%,33.33%,1.8,2
unlock zip file online forgot password,6,0,15,0,40%,0%,5.67,0
online zip file password remover,6,3,14,16,42.86%,18.75%,2.07,6.62
remove password from zip online,6,1,14,13,42.86%,7.69%,2.5,4.31
online zip password remover free,6,1,13,7,46.15%,14.29%,1.46,3.29
compress zip folder free,6,4,13,13,46.15%,30.77%,1.62,3.46
selfie camera test,6,1,11,7,54.55%,14.29%,2.55,4.43
remover senha zip,6,1,11,2,54.55%,50%,4.18,7
milliseconds to date,5,13,2181,1953,0.23%,0.67%,6.3,6.2
md5 generator,5,2,796,538,0.63%,0.37%,8.38,11.16
make zip file online,5,5,689,696,0.73%,0.72%,8.93,8.61
lcd tes,5,0,519,71,0.96%,0%,6.01,8.62
md5 decoder,5,6,362,133,1.38%,4.51%,8.89,13.16
convert folder to zip,5,5,335,477,1.49%,1.05%,6.75,6.07
file size compressor,5,0,327,116,1.53%,0%,10.68,47.08
how to compress a zip file more,5,4,282,208,1.77%,1.92%,8.39,8.63
convert to zip file,5,0,251,44,1.99%,0%,9.45,12.32
comprimir carpeta a zip,5,12,215,464,2.33%,2.59%,9.69,8.6
cek layar laptop online,5,0,200,0,2.5%,0%,7.99,0
compress large files,5,1,169,97,2.96%,1.03%,10.4,15.93
unzip files online,5,0,160,183,3.12%,0%,27.42,40.1
md5 hash decoder,5,3,156,81,3.21%,3.7%,9.35,13.26
online ffmpeg,5,2,142,62,3.52%,3.23%,7.04,9.02
kompres zip jadi 1 mb,5,9,97,89,5.15%,10.11%,5.75,5.56
unlock zip file,5,4,96,35,5.21%,11.43%,13.8,20.46
hash password converter to text online,5,1,94,53,5.32%,1.89%,4.19,4.09
test lcd laptop online,5,0,89,0,5.62%,0%,7.85,0
rotate and crop image,5,2,84,48,5.95%,4.17%,8.3,10.23
compress folder to zip file,5,5,76,44,6.58%,11.36%,5.84,6.25
kompres ukuran zip,5,4,75,59,6.67%,6.78%,7.09,8.14
diminuir tamanho de pasta zipada,5,0,74,20,6.76%,0%,8.11,8.55
how to reduce zip file size online,5,3,73,65,6.85%,4.62%,5.38,4.78
zip password cracker,5,2,72,25,6.94%,8%,22.01,35.2
zip compress folder,5,10,68,75,7.35%,13.33%,4.41,5.79
zip file resize,5,3,67,74,7.46%,4.05%,4.85,5.86
tes lcd online,5,0,67,5,7.46%,0%,8.04,7.8
lcd check online,5,4,66,66,7.58%,6.06%,3.56,3.92
reduzir arquivo zip,5,3,63,31,7.94%,9.68%,6.43,7.58
comprimir carpetas online gratis,5,2,59,69,8.47%,2.9%,5.31,5.93
winrar compress online,5,0,59,18,8.47%,0%,6.39,9.06
md5 translator,5,4,58,54,8.62%,7.41%,4.31,4.85
size reducer zip file,5,3,58,19,8.62%,15.79%,6.33,6.42
reduce size zip file,5,1,56,57,8.93%,1.75%,5.5,6.6
comprimir carpeta zip al maximo,5,6,52,35,9.62%,17.14%,7,7.49
compress folders online,5,3,51,41,9.8%,7.32%,3.92,5
unlock zip file without password android,5,3,51,32,9.8%,9.38%,5.88,5.47
lower zip file size,5,3,47,32,10.64%,9.38%,5.34,6.09
zip compressor online free,5,2,43,32,11.63%,6.25%,6.42,8
comprimir carpeta zip gratis,5,0,41,43,12.2%,0%,6.51,7.77
comprimir carpeta zip online,5,3,40,37,12.5%,8.11%,4.9,6.51
comprimir carpeta a zip online,5,4,40,52,12.5%,7.69%,4.95,5.69
i love zip file compressor,5,3,40,35,12.5%,8.57%,6.6,7.46
rar file size reducer,5,1,40,4,12.5%,25%,8.2,9.75
reduzir tamanho de arquivo zip,5,2,39,26,12.82%,7.69%,6.46,9.08
front camera test online,5,3,39,29,12.82%,10.34%,6.51,8.28
reduce zip file size to 25mb online (free),5,30,38,289,13.16%,10.38%,4.26,3.69
compress zip file less than 25 mb,5,6,38,29,13.16%,20.69%,5.05,5.34
compress folder to zip online free,5,2,37,24,13.51%,8.33%,6.95,6.96
reduce zip size online,5,4,36,29,13.89%,13.79%,4.92,5.41
crack zip online,5,2,36,10,13.89%,20%,6,8.1
md5 conversion,5,3,34,30,14.71%,10%,2.41,4.27
convert md5 hash to text,5,5,34,39,14.71%,12.82%,3.62,4.54
reducir tamaño de un zip,5,1,33,26,15.15%,3.85%,7.94,8.27
zip file password break online,5,1,32,2,15.62%,50%,7.03,11.5
zip cracker online,5,0,32,2,15.62%,0%,9.06,16
zip file unlock,5,0,30,3,16.67%,0%,8.83,16.67
check my camera quality,5,5,29,20,17.24%,25%,4.45,5.6
unlock password protected zip file online free,5,0,29,8,17.24%,0%,4.59,6.62
zip file size reduce,5,2,29,17,17.24%,11.76%,7.17,7.76
online zip password cracker,5,1,29,11,17.24%,9.09%,11.31,17.64
compress large zip files to smaller size,5,2,28,12,17.86%,16.67%,4.75,7.5
zip folder password unlocker online,5,8,27,26,18.52%,30.77%,5.85,6.73
locked zip file opener online,5,2,27,6,18.52%,33.33%,7.37,7.5
resize folder,5,0,26,7,19.23%,0%,6.27,7.43
password zip extractor online,5,0,25,0,20%,0%,5.08,0
folder reduce size,5,13,24,32,20.83%,40.62%,2.42,2.44
reducir tamaño zip online gratis,5,3,23,21,21.74%,14.29%,4.13,5.05
test camera phone,5,0,23,8,21.74%,0%,4.74,6.25
tes lcd warna,5,0,22,0,22.73%,0%,2.36,0
reducir tamaño de zip gratis,5,0,22,5,22.73%,0%,3.91,4.6
open password protected zip file online,5,2,22,15,22.73%,13.33%,6.23,6.67
compress file folder size,5,0,21,0,23.81%,0%,2.29,0
comprimidor de carpetas,5,1,21,20,23.81%,5%,5.71,6.9
online zip cracker,5,2,21,5,23.81%,40%,8.29,13
lcd display check,5,1,20,14,25%,7.14%,3.65,5.71
zip remove password online,5,5,20,29,25%,17.24%,3.7,5.76
reduced zip file size,5,0,20,11,25%,0%,5.75,8.18
unlock locked zip file online,5,0,20,4,25%,0%,6.6,8
open zip file with password online,5,2,20,9,25%,22.22%,7.35,7.89
compress zipped folder online,5,4,19,32,26.32%,12.5%,3.16,5.16
reduce winrar file size,5,1,19,15,26.32%,6.67%,5.84,8.4
compress zip file size to 10mb,5,1,18,11,27.78%,9.09%,3.89,4.91
compress zip file to 50 mb,5,3,18,14,27.78%,21.43%,4,5
crack zip file password online,5,0,18,8,27.78%,0%,8.72,17.5
test warna lcd,5,0,17,0,29.41%,0%,2,0
decrease folder size,5,7,17,23,29.41%,30.43%,2.06,2.65
compress folder online for mail,5,0,17,7,29.41%,0%,3.29,3.86
compress a compressed folder,5,6,16,15,31.25%,40%,2.19,3.67
compress folder to smaller size online free,5,3,16,5,31.25%,60%,2.19,2
extract zip file with password online,5,1,16,16,31.25%,6.25%,7.75,7.94
compress zip file folder,5,6,15,14,33.33%,42.86%,1.4,3.5
convert large zip file to smaller size,5,0,14,0,35.71%,0%,2.86,0
compress zip file size free,5,2,13,15,38.46%,13.33%,3.92,5.13
quitar contraseña de zip,5,1,13,12,38.46%,8.33%,4.92,7.42
compress zip folder to smaller size online free,5,0,12,0,41.67%,0%,2.08,0
eliminar contraseña zip,5,2,12,9,41.67%,22.22%,2.92,5.44
unlock zip file online without password free,5,0,12,5,41.67%,0%,4.08,6.6
unlock 7z file password online free,5,1,12,3,41.67%,33.33%,8.5,12.33
zip to compress folder,5,0,11,0,45.45%,0%,2.09,0
md5 hash to password converter,5,2,11,15,45.45%,13.33%,2.36,4.2
back camera check,5,4,10,10,50%,40%,1.8,4.6
abrir zip con contraseña online,5,0,7,0,71.43%,0%,4.43,0
แปลง md5 กลับ,5,2,6,6,83.33%,33.33%,1.33,1.67
gif frame splitter,4,0,405,327,0.99%,0%,6.71,6.7
how to compress folder,4,7,402,322,1%,2.17%,6.14,7.2
compress to zip file,4,8,399,292,1%,2.74%,7.01,8.3
md5 hash online changer,4,0,391,122,1.02%,0%,6.51,7.74
create zip file online,4,1,365,151,1.1%,0.66%,11.3,13.93
online tools,4,2,355,127,1.13%,1.57%,10.08,33.87
comprimir zip,4,1,191,99,2.09%,1.01%,9.31,9.72
comprimir zip gratis,4,2,168,49,2.38%,4.08%,8.45,9.59
compress file to smaller size,4,1,166,106,2.41%,0.94%,7.74,9.19
compress file online free,4,0,165,46,2.42%,0%,9,10.57
toolonline,4,1,156,100,2.56%,1%,5.37,5.59
zip folder converter,4,0,144,68,2.78%,0%,8.33,12.97
how to compress folder to smaller size,4,5,140,124,2.86%,4.03%,5.46,6.85
files compressor,4,0,140,20,2.86%,0%,8.36,33.15
zip a folder online,4,5,137,128,2.92%,3.91%,7.08,7.39
pdf preflight,4,2,122,99,3.28%,2.02%,4.51,3.82
split gif to frames,4,4,115,112,3.48%,3.57%,3.68,4.02
online compress zip file,4,2,115,100,3.48%,2%,6.89,8.45
file compressor online free,4,0,114,55,3.51%,0%,9.84,13.25
reduce the size of zip file,4,5,107,68,3.74%,7.35%,6.55,5.82
diminuir arquivo zip,4,1,104,42,3.85%,2.38%,8.07,8.81
compress email,4,2,102,28,3.92%,7.14%,8.39,10.86
comprimir archivos zip gratis,4,1,99,15,4.04%,6.67%,7.79,8.53
kompress zip,4,1,94,33,4.26%,3.03%,7.63,7.76
comprimir carpetas zip,4,1,94,38,4.26%,2.63%,8.35,9.37
how to reduce zip file size for email,4,9,89,65,4.49%,13.85%,4.55,5.26
8k photo editor,4,2,86,30,4.65%,6.67%,9.56,11.23
tes layar laptop,4,0,83,0,4.82%,0%,9.84,0
reducir tamaño de archivo zip,4,6,79,75,5.06%,8%,7.76,7.53
ios to jpeg,4,5,74,56,5.41%,8.93%,4.82,5.21
how to reduce a zip file size,4,1,68,42,5.88%,2.38%,5.63,5.62
make a zip file smaller,4,8,65,65,6.15%,12.31%,6.57,6.11
pdf to html,4,3,62,233,6.45%,1.29%,44.18,62.41
mail compressor,4,2,60,27,6.67%,7.41%,5.13,8.52
zip resizer,4,3,60,54,6.67%,5.56%,5.8,8.44
reducir tamaño de carpeta zip,4,2,60,50,6.67%,4%,7.05,8.22
compress size of zip file,4,2,59,38,6.78%,5.26%,7.15,6.87
heic to jpg free online,4,2,57,55,7.02%,3.64%,9.63,10.29
zip file password unlocker,4,4,50,19,8%,21.05%,6.2,10.89
resize zip file online,4,5,49,50,8.16%,10%,6.37,7.14
kompres zip jadi kecil,4,6,48,60,8.33%,10%,5.5,5.73
comprimir archivos en linea,4,1,48,38,8.33%,2.63%,8.56,8.84
compress zip file i love pdf,4,0,47,6,8.51%,0%,6.4,9
kompres zip 5 mb,4,4,47,38,8.51%,10.53%,6.7,5.39
compress zip file smaller,4,8,46,32,8.7%,25%,5,5.44
comprimir archivo zip gratis,4,1,44,22,9.09%,4.55%,6.64,7.59
image crop and rotate,4,1,44,30,9.09%,3.33%,6.98,8.87
compress zip file to 25mb online,4,1,43,34,9.3%,2.94%,6.49,7.06
compressed zip file size,4,2,41,12,9.76%,16.67%,6.2,5.33
md5 şifre çözücü,4,2,40,12,10%,16.67%,4.65,8.92
split gifs into frames,4,0,39,38,10.26%,0%,4.33,4.34
como reducir el tamaño de una carpeta zip,4,3,39,40,10.26%,7.5%,5.92,8.22
winrar file compressor online,4,3,38,24,10.53%,12.5%,5.03,6.5
zipar pastas,4,0,37,20,10.81%,0%,5.95,6.85
compress folders to zip,4,5,37,29,10.81%,17.24%,6.35,5.93
remove password zip,4,2,37,15,10.81%,13.33%,6.46,11.2
compress zip file size to 25mb,4,2,36,18,11.11%,11.11%,5.14,6.11
comprimir zip mas pequeño,4,1,36,8,11.11%,12.5%,6.58,7.88
compressed folder to zip,4,0,35,8,11.43%,0%,6.4,8
converter md5 para texto,4,15,34,58,11.76%,25.86%,2.26,3.02
compress zip file to 25 mb,4,2,34,30,11.76%,6.67%,5.18,6.27
kecilkan file zip,4,1,34,20,11.76%,5%,5.76,6.3
compress zip file to 200kb,4,1,33,22,12.12%,4.55%,3.91,5.73
buka file zip terkunci online,4,3,33,13,12.12%,23.08%,5.55,6.38
zip unlock online,4,3,33,11,12.12%,27.27%,6.52,7.64
reduce zip file size to 5mb,4,8,32,44,12.5%,18.18%,3.66,4.52
compress zip file to smaller size free online,4,1,32,15,12.5%,6.67%,6.03,6.6
i love compress zip file,4,0,32,34,12.5%,0%,6.78,7.03
zip password recovery,4,0,32,3,12.5%,0%,18,53.33
compressed zip file to smaller size,4,1,31,28,12.9%,3.57%,4.84,6.54
zip dosya boyutu küçültme,4,1,31,8,12.9%,12.5%,10.16,10.12
zip file password cracker,4,1,31,8,12.9%,12.5%,24.29,45.38
compress archive folder,4,0,30,10,13.33%,0%,4.17,5.8
zip kompres,4,0,30,43,13.33%,0%,7.1,7.98
compress zip file to less than 25 mb,4,2,29,26,13.79%,7.69%,5.1,5.54
zip file compressor reduce size,4,2,29,19,13.79%,10.53%,5.97,7.89
compression folder,4,1,28,10,14.29%,10%,2.21,3.4
cek lcd online hp,4,0,28,0,14.29%,0%,3.64,0
compactador de zip,4,3,27,16,14.81%,18.75%,3.74,3.38
mail size reducer,4,0,27,10,14.81%,0%,4.89,6.4
zip password crack,4,0,27,4,14.81%,0%,32.3,30.25
plain text to md5 hash converter,4,1,26,14,15.38%,7.14%,2,3.43
zip file compressor to 10mb,4,0,26,14,15.38%,0%,3.88,4.71
compress zip file online to 10 mb,4,5,26,24,15.38%,20.83%,4.62,5.5
compress large files to smaller size,4,0,26,5,15.38%,0%,8.65,7
tes warna hp,4,0,25,0,16%,0%,3.44,0
free zip password recovery online,4,3,25,14,16%,21.43%,5.64,7.93
reducir el tamaño de una carpeta zip,4,4,24,17,16.67%,23.53%,4.75,5.18
reduzir tamanho arquivo zip,4,2,24,10,16.67%,20%,5.58,6.4
shrink folder size,4,2,23,11,17.39%,18.18%,2.43,3.09
how to reduce size of compressed zip folder,4,7,23,33,17.39%,21.21%,4.35,5.7
kompres ukuran zip jadi kecil,4,6,23,38,17.39%,15.79%,6.39,6.74
zip file kb reducer,4,2,22,20,18.18%,10%,5.27,6.95
how to unlock password protected zip file online,4,2,21,13,19.05%,15.38%,5.29,6.23
8k photo editor free,4,0,21,0,19.05%,0%,8.52,0
reduce zip file size to 2mb,4,2,20,9,20%,22.22%,2.5,4.11
compress folder to zip reduce size,4,1,20,10,20%,10%,2.9,4
zip file open without password online,4,1,20,4,20%,25%,5.65,7.75
online zip unlocker,4,9,20,30,20%,30%,5.95,6.13
desbloquear zip con contraseña online,4,0,19,5,21.05%,0%,4.79,5.4
remove zip file password,4,0,19,14,21.05%,0%,6.95,11.86
md5 to string converter,4,9,18,29,22.22%,31.03%,2.89,4.28
how to decrease the size of zip file,4,0,17,0,23.53%,0%,2.82,0
compress zip to 5mb,4,1,17,14,23.53%,7.14%,3.76,6
further compress a zip file,4,0,17,13,23.53%,0%,5.88,7.38
winzip password recovery online,4,0,17,5,23.53%,0%,7.76,13.8
compress the size of zip folder,4,0,16,6,25%,0%,2.56,3.17
compress folder size to 25mb,4,11,16,30,25%,36.67%,2.62,2.6
hash md5 converter,4,0,16,11,25%,0%,2.75,3.64
compress zip file size to 20 mb,4,5,16,23,25%,21.74%,4.19,4.91
compress zip file to 20mb online free,4,1,16,25,25%,4%,4.94,6.84
reduce mail size online,4,1,16,9,25%,11.11%,5.31,8.22
reduce size of compressed zip file,4,5,16,17,25%,29.41%,5.44,6.06
rar size reducer,4,1,16,3,25%,33.33%,6.56,5.67
md5converter,4,1,15,7,26.67%,14.29%,2.13,2.14
how to reduce compressed zip file size,4,1,15,12,26.67%,8.33%,3.2,4.92
online folder zip compressor,4,4,15,16,26.67%,25%,3.87,4.94
reducir zip online,4,0,15,12,26.67%,0%,4.07,5.17
winrar size reducer,4,2,15,9,26.67%,22.22%,4.2,6.33
size reducer of zip file,4,3,15,23,26.67%,13.04%,5.07,6.74
comprimir pasta de arquivos,4,0,15,20,26.67%,0%,7.27,7.8
any file compressor,4,0,15,5,26.67%,0%,9.8,8.8
giảm dung lượng file rar online,4,0,15,0,26.67%,0%,12.67,0
unlock zip file password online free,4,0,14,2,28.57%,0%,3.64,6.5
md5 to text converter online,4,4,13,10,30.77%,40%,1.69,2.7
folder size compressor online,4,2,13,14,30.77%,14.29%,3,3.43
check camera quality online,4,1,13,7,30.77%,14.29%,3.77,4.86
reduce folder size for email,4,3,12,14,33.33%,21.43%,2,2.71
online folder compress,4,2,12,13,33.33%,15.38%,3.67,4.15
extract file without password online,4,0,12,2,33.33%,0%,6.5,9
remove zip file password online free,4,3,11,11,36.36%,27.27%,1.27,3.45
desbloquear zip con contraseña,4,1,11,7,36.36%,14.29%,5.45,6.71
reducir tamaño de carpeta comprimida,4,2,11,19,36.36%,10.53%,7,7.95
zip password opener,4,0,11,0,36.36%,0%,7.27,0
md5 hash converter to text,4,9,10,20,40%,45%,1.3,2.25
compress size of folder,4,5,10,8,40%,62.5%,2.3,2.5
giai ma md5,4,2,10,3,40%,66.67%,2.7,2
open zip file online without password,4,1,10,4,40%,25%,5.2,8.75
descriptografar md5 online,4,0,10,1,40%,0%,9,11
فك تشفير md5,4,1,9,3,44.44%,33.33%,2.11,2.67
quitar contraseña .zip,4,0,8,0,50%,0%,4,0
hash to md5 converter,4,1,5,8,80%,12.5%,2,3.75
millis to date,3,3,1641,1108,0.18%,0.27%,6.04,6.93
millisecond to date,3,1,470,412,0.64%,0.24%,6,6.64
gif to png frames,3,9,467,558,0.64%,1.61%,8.23,6.98
make file smaller,3,5,431,286,0.7%,1.75%,14,20.73
convert heic to jpg free,3,4,412,1019,0.73%,0.39%,10.6,9.96
online tool,3,1,403,307,0.74%,0.33%,8.32,13.17
gif to frames converter,3,5,310,358,0.97%,1.4%,5.96,5.68
make files smaller,3,1,283,133,1.06%,0.75%,10.46,16.8
extract frames from gif,3,1,257,191,1.17%,0.52%,7.93,8.28
string to md5,3,1,241,130,1.24%,0.77%,6.03,6.42
gif to frame,3,0,240,202,1.25%,0%,7.07,7.6
unzip online,3,0,218,191,1.38%,0%,28.58,41.13
how to further compress a zip file,3,2,205,180,1.46%,1.11%,8.8,9.09
compressing files,3,1,194,123,1.55%,0.81%,16.43,25.14
make a zip file online,3,3,183,186,1.64%,1.61%,9.4,8.62
crop and rotate image,3,1,183,137,1.64%,0.73%,9.93,14.33
convert folder to zip file,3,3,179,254,1.68%,1.18%,6.89,6.03
compress to zip,3,0,167,146,1.8%,0%,9.02,11.49
front camera test,3,0,157,98,1.91%,0%,7.28,8.37
compress zip online,3,3,155,119,1.94%,2.52%,6.72,7.86
lcd test laptop,3,0,152,22,1.97%,0%,7.7,9.09
heic converter,3,0,148,106,2.03%,0%,30.8,38.92
compactar zip online,3,0,131,41,2.29%,0%,6.02,6.51
remove password from pdf online,3,0,128,152,2.34%,0%,43.99,67.63
can i compress a zip file,3,2,119,89,2.52%,2.25%,9.61,12.27
timemillis to date,3,0,117,104,2.56%,0%,5.77,7.01
create zip file online free,3,1,116,47,2.59%,2.13%,9.22,8.49
cek lcd laptop,3,0,110,0,2.73%,0%,10.34,0
kompres zip file,3,10,109,43,2.75%,23.26%,5.34,5.07
compress the file,3,0,109,17,2.75%,0%,9.22,12.94
unzip online free,3,0,108,68,2.78%,0%,22.31,38.34
decrypt md5 online,3,2,104,49,2.88%,4.08%,10.05,11.29
camera test online,3,0,100,57,3%,0%,19.33,26.95
email compressor,3,2,99,35,3.03%,5.71%,5.23,8.29
zip file compressor free download,3,4,99,53,3.03%,7.55%,13.09,15.96
heic to jpg converter online free,3,3,94,68,3.19%,4.41%,9.6,10.47
convert iphone photo to jpg,3,0,93,66,3.23%,0%,13.85,17.42
compress files online free,3,1,92,33,3.26%,3.03%,8.71,8.76
online tools website,3,0,84,60,3.57%,0%,13.74,25.47
test lcd laptop,3,0,75,0,4%,0%,9.11,0
cek layar hp online,3,0,72,0,4.17%,0%,5.79,0
mengecilkan ukuran zip,3,3,71,36,4.23%,8.33%,7.06,7.33
gif to frames png,3,0,71,37,4.23%,0%,7.46,7.08
compress rar size,3,4,71,43,4.23%,9.3%,8.38,8.98
nén file online,3,1,71,25,4.23%,4%,8.77,9.2
comprimir carpeta zip,3,0,68,55,4.41%,0%,9.99,10.02
remove password from zip,3,4,67,24,4.48%,16.67%,5.37,7.17
cek lcd,3,0,67,1,4.48%,0%,6.93,10
resize zip,3,2,65,62,4.62%,3.23%,6.62,6.37
crop and rotate image online,3,0,61,21,4.92%,0%,6.8,9.19
compress folder into zip file,3,3,59,37,5.08%,8.11%,6.12,5.78
online folder to zip converter,3,0,59,25,5.08%,0%,7.1,11.92
free online zip file compressor,3,2,58,54,5.17%,3.7%,5.52,6.3
reduzir tamanho zip,3,1,58,30,5.17%,3.33%,6.03,6.4
reduzir zip,3,1,58,27,5.17%,3.7%,6.57,8
how to compress a folder to a smaller size,3,2,55,49,5.45%,4.08%,4.25,4.82
how to compress a zip folder,3,5,55,66,5.45%,7.58%,5.31,6.53
md5 çözücü,3,4,55,12,5.45%,33.33%,6.35,6.25
tiếq việt,3,3,54,109,5.56%,2.75%,5.3,4.39
gif split into frames,3,2,53,23,5.66%,8.7%,3.98,5.35
cek lcd laptop online,3,0,53,1,5.66%,0%,5.45,6
zip password cracker online,3,2,53,21,5.66%,9.52%,11.32,14.9
free compress zip file,3,0,52,23,5.77%,0%,7.08,5.52
zip to folder,3,0,52,62,5.77%,0%,11.65,12.74
nén folder online,3,0,51,27,5.88%,0%,5.73,7.11
online file size compressor,3,0,51,9,5.88%,0%,7.86,7.67
diminuir zip,3,0,50,20,6%,0%,6.16,7.1
comprimir pasta zip,3,4,49,29,6.12%,13.79%,7.55,7.34
8k photo editor online,3,1,48,6,6.25%,16.67%,7.17,8.5
extract zip file online,3,0,48,33,6.25%,0%,21.31,37.58
reduce file size zip,3,0,47,34,6.38%,0%,5.94,7.68
compress my zip file,3,1,47,27,6.38%,3.7%,6.6,7.81
zip to folder converter,3,3,47,19,6.38%,15.79%,9.79,19.68
cut gif into frames,3,0,45,44,6.67%,0%,3.84,4.95
extract password protected zip file online,3,7,45,43,6.67%,16.28%,6.24,5.98
free online tools website,3,2,43,20,6.98%,10%,8.4,10.75
unzip large files online,3,0,43,11,6.98%,0%,8.79,25.27
kompres file zip menjadi 1 mb,3,5,42,34,7.14%,14.71%,7.48,6.29
como reducir el tamaño de un zip,3,0,41,10,7.32%,0%,7.93,9.5
file size compressor online,3,0,41,4,7.32%,0%,8.76,12.25
how to make a zip folder smaller,3,0,40,39,7.5%,0%,5.3,6.28
zip file compresser,3,1,40,19,7.5%,5.26%,6.92,7.37
reducir el tamaño de un archivo zip,3,4,38,23,7.89%,17.39%,6.82,7.09
comprimir un zip al maximo,3,1,37,12,8.11%,8.33%,6.03,6.67
reduzir tamanho de pasta zipada,3,1,37,29,8.11%,3.45%,7.22,8.14
how do i compress a zip file to make it smaller,3,3,36,29,8.33%,10.34%,5.33,5.41
how to reduce zip folder size,3,4,35,38,8.57%,10.53%,2.69,4.08
crack zip password,3,1,34,8,8.82%,12.5%,31.38,34.38
freeonlinetools,3,5,33,23,9.09%,21.74%,5.39,4.43
compress a zip file even more,3,2,33,17,9.09%,11.76%,5.55,6.53
md5 to normal,3,1,32,18,9.38%,5.56%,3.75,5.06
online free tool,3,0,32,34,9.38%,0%,4.31,3.5
freetool.com,3,1,31,24,9.68%,4.17%,3.9,3.58
compress zip file to 15 mb,3,10,31,74,9.68%,13.51%,4.45,5.12
unlock zip file download,3,1,31,7,9.68%,14.29%,4.77,7.29
compress folder to zip free,3,1,30,19,10%,5.26%,4.87,6.42
pdf preflight check,3,0,30,24,10%,0%,5,4.12
ios to jpeg converter,3,0,30,8,10%,0%,5.5,6.62
compress winrar file size,3,5,30,27,10%,18.52%,5.9,6.48
compress zip file even more,3,2,30,26,10%,7.69%,7.7,7.46
front camera check online,3,0,29,11,10.34%,0%,6.17,7.36
compactar pastas,3,1,29,10,10.34%,10%,6.41,8.4
como reducir el tamaño de un archivo zip,3,1,28,14,10.71%,7.14%,6.75,6.79
reduce zip file size to 20mb online free,3,3,27,11,11.11%,27.27%,3.78,4.91
lcd online test,3,1,27,71,11.11%,1.41%,4.52,6.72
บีบไฟล์ zip ให้เล็กลง,3,0,27,1,11.11%,0%,8.96,15
email compressor online free,3,1,26,9,11.54%,11.11%,3.5,6.44
how to minimize zip file size,3,7,26,24,11.54%,29.17%,4.27,3.83
nén zip online,3,0,26,14,11.54%,0%,6.77,6
reducir tamaño carpeta zip,3,1,26,17,11.54%,5.88%,8.77,9
zip password recovery mobile,3,3,26,17,11.54%,17.65%,9.81,9
comprimir zip al máximo gratis,3,1,25,24,12%,4.17%,3.76,4.21
compress zip file under 10 mb,3,2,25,19,12%,10.53%,4.6,5.32
ultra compress zip file online,3,2,25,13,12%,15.38%,5.8,6.23
zip file compressor to 25mb,3,5,25,24,12%,20.83%,6.72,5
kompres ukuran file zip,3,2,25,38,12%,5.26%,6.8,7.89
reducir archivo zip,3,0,25,5,12%,0%,7.96,10.2
zip password breaker,3,0,25,0,12%,0%,12.04,0
how to compress a zip folder to a smaller size,3,0,24,13,12.5%,0%,3.12,3.85
md5 translate,3,0,24,21,12.5%,0%,3.25,4.9
compress zip to 30 mb,3,0,24,0,12.5%,0%,3.58,0
compressing folder,3,6,23,34,13.04%,17.65%,3.04,2.71
compress zip file to 3mb,3,4,23,21,13.04%,19.05%,3.48,3.9
zip file smaller,3,2,23,22,13.04%,9.09%,5.09,5.73
test lcd hp online,3,0,23,0,13.04%,0%,5.74,0
how to reduce the size of zip folder,3,4,22,28,13.64%,14.29%,2.32,3.68
how to unlock zip file online,3,0,22,13,13.64%,0%,6.41,7.54
super compress zip file,3,0,22,20,13.64%,0%,6.64,7.15
resize zip file online free,3,0,22,11,13.64%,0%,6.77,7.82
desbloquear archivo zip,3,0,22,2,13.64%,0%,7.86,13.5
perkecil ukuran file zip,3,0,22,21,13.64%,0%,8.05,7.81
zip file reduce size online,3,0,21,13,14.29%,0%,5.24,6.69
zip size reducer free,3,1,21,19,14.29%,5.26%,5.86,6.68
comprimir mas una carpeta zip,3,4,21,18,14.29%,22.22%,6,5.83
zip password finder online,3,1,21,10,14.29%,10%,8.62,7.7
dosya zipleme,3,0,21,3,14.29%,0%,13.81,15.67
md5 para texto,3,1,20,17,15%,5.88%,3.9,9.24
zip file smaller size,3,0,20,14,15%,0%,4.4,5.57
quitar contraseña a archivo zip,3,0,20,8,15%,0%,4.9,5.75
compress zip file to 100kb online free,3,0,20,18,15%,0%,5,6.17
compress zip file to reduce size,3,1,20,10,15%,10%,5.55,5.9
size compressor zip file,3,3,20,13,15%,23.08%,5.85,6.77
reduce mb of zip file,3,0,20,13,15%,0%,6,7.08
reducir peso de archivo zip,3,0,20,8,15%,0%,8.65,7.5
compress size of zip folder,3,0,19,0,15.79%,0%,3.58,0
zip file to smaller size,3,2,19,11,15.79%,18.18%,4.37,5.18
compress a folder to zip file,3,0,19,13,15.79%,0%,6.11,7.54
zip password crack online,3,0,19,7,15.79%,0%,9.95,17.29
kompress ukuran zip,3,1,18,7,16.67%,14.29%,5.33,6
compress the folder to zip,3,3,18,18,16.67%,16.67%,6.33,7.06
how do i reduce the mb of a zip file,3,2,17,11,17.65%,18.18%,3.76,5
how to lower zip file size,3,1,17,16,17.65%,6.25%,5.35,5.12
how to make compressed zip file smaller,3,0,17,13,17.65%,0%,5.59,4.77
compress the folder online,3,3,16,22,18.75%,13.64%,4.06,5.36
zip file size reducer to 20mb,3,6,16,34,18.75%,17.65%,4.69,4.71
md5 çözme,3,1,16,9,18.75%,11.11%,5.44,6
open zip with password online,3,1,16,6,18.75%,16.67%,7.5,9.67
file password unlocker,3,0,16,0,18.75%,0%,9.75,0
zip file cracker,3,2,16,5,18.75%,40%,19.06,14.8
convert from md5,3,0,15,1,20%,0%,2.73,2
comprimir archivos zip al maximo,3,0,15,16,20%,0%,4.93,8.06
how to compress zip file size online,3,1,15,16,20%,6.25%,6.73,6.25
compress a folder to a smaller size,3,0,14,0,21.43%,0%,2.36,0
reduce zip folder size online,3,9,14,35,21.43%,25.71%,2.79,3.46
make a zip smaller,3,0,14,9,21.43%,0%,5.36,6
zip file compress to 25 mb,3,0,14,0,21.43%,0%,5.64,0
zip password recovery free,3,2,14,14,21.43%,14.29%,9.21,13.43
compress zip file online to 20mb,3,6,13,14,23.08%,42.86%,3.85,6.36
quitar contraseña de archivo zip,3,2,13,5,23.08%,40%,4.08,4.2
decrypt zip password online free,3,1,13,7,23.08%,14.29%,4.15,6.86
compress folder to send in email,3,2,13,17,23.08%,11.76%,5.85,6
size reducer zip file online,3,1,13,11,23.08%,9.09%,6.46,6.36
extract zip without password online,3,5,12,15,25%,33.33%,4.5,6.8
camera quality checker,3,3,12,16,25%,18.75%,4.67,6.81
zip file reduce size free,3,0,12,7,25%,0%,5.75,7
unzip password protected zip file without password online free,3,0,12,13,25%,0%,6.08,4.92
decrease zip size,3,1,12,8,25%,12.5%,6.17,7.62
folder resize,3,0,12,7,25%,0%,6.58,8.14
บีบ อัด ไฟล์ zip ให้เล็กลง,3,0,12,8,25%,0%,8.83,9.12
đo nồng độ cồn online,2,40,12,81,16.67%,49.38%,3,1.96
heic to jpg free tool online,2,12,2,13,100%,92.31%,1.5,3.08
kompres zip online,2,11,50,86,4%,12.79%,5.64,4.63
tính thời gian hết nồng độ cồn online,0,11,8,42,0%,26.19%,3.12,3.1
make zip folder smaller,2,10,18,24,11.11%,41.67%,2.61,2.92
compress zip 1 mb,2,8,45,115,4.44%,6.96%,5.27,5.75
kompres file zip menjadi kecil online free,2,8,15,66,13.33%,12.12%,5.07,4.82
md5 convertor,2,8,34,37,5.88%,21.62%,2.68,3.57
convert md5 password to text,2,8,4,15,50%,53.33%,1.25,2.47
further compress zip file,2,7,84,74,2.38%,9.46%,6.27,6.11
image magick online,2,7,12,23,16.67%,30.43%,2.33,2.7
how to reduce zip file size online free,1,7,16,23,6.25%,30.43%,4.38,5.17
reduce the size of zip file online free,2,6,12,29,16.67%,20.69%,5.25,5.21
reduce the size of zip folder online,0,6,0,19,0%,31.58%,0,3.68
md5 convert to text,2,6,15,19,13.33%,31.58%,2.4,3.74
compress folder free online,1,6,6,14,16.67%,42.86%,2.67,3.14
unlock zip file password free online,1,6,1,13,100%,46.15%,4,5.46
turn gif into frames,1,5,143,138,0.7%,3.62%,4.46,4.72
ffmpeg online free,2,5,30,29,6.67%,17.24%,4.53,6.31
compress folder to 10mb,3,5,7,15,42.86%,33.33%,1.86,2.47
unlock zip file with password online,1,5,9,15,11.11%,33.33%,4.11,6.73
reduce size of folder online,1,5,9,14,11.11%,35.71%,2.22,2.36
free folder compressor online,1,5,4,11,25%,45.45%,1.5,2.55
compressfolder,0,5,0,9,0%,55.56%,0,2.11
convert ios to jpg,1,4,156,79,0.64%,5.06%,6.56,7.97
4k फोटो एडिटर ऑनलाइन,1,4,73,53,1.37%,7.55%,9.78,8.66
kompres file zip menjadi ukuran kecil,0,4,28,47,0%,8.51%,8.57,8.19
compress file zip menjadi kecil,1,4,25,36,4%,11.11%,6.32,7.11
split a gif into frames,2,4,40,34,5%,11.76%,3.92,4.82
compress file zip online,2,4,51,34,3.92%,11.76%,6.71,7.32
comprimir zip online gratis,2,4,25,30,8%,13.33%,5.28,6.13
compress zip size online,2,4,40,27,5%,14.81%,5.38,7.52
zip file size reducer to 10mb,2,4,16,26,12.5%,15.38%,4.56,5.42
compress zipped file,1,4,20,24,5%,16.67%,7.2,6.92
zipfile size reducer,2,4,28,24,7.14%,16.67%,5.14,7.08
đo độ cồn,0,4,19,21,0%,19.05%,3.11,4.81
ubah ukuran zip,0,4,6,19,0%,21.05%,8,7.63
compress zip even more,1,4,17,17,5.88%,23.53%,7.06,7.65
kompress file zip,1,4,13,16,7.69%,25%,7.38,6.88
zip file size reducer to 200kb,2,4,18,14,11.11%,28.57%,4.67,6
zip file password opener online,3,4,9,13,33.33%,30.77%,5.67,6.92
quitar contraseña zip android,2,4,23,13,8.7%,30.77%,6.13,7.15
comprimir pasta online,3,4,11,11,27.27%,36.36%,3.27,3.09
zip file password remove online,1,4,11,11,9.09%,36.36%,3.91,5.27
super compress folder,2,4,13,10,15.38%,40%,3.77,4.1
reduce the folder size online,0,4,0,5,0%,80%,0,2.2
freetool online,0,4,0,4,0%,100%,0,1
gif frame by frame,1,3,402,417,0.25%,0.72%,8.46,8.02
convert gif to frames,0,3,84,99,0%,3.03%,6.23,5.63
gif to individual frames,0,3,87,83,0%,3.61%,3.99,3.95
gif editor online,2,3,19,74,10.53%,4.05%,37.16,46.16
split gif into images,2,3,74,66,2.7%,4.55%,3.04,4.06
compress files free,1,3,65,62,1.54%,4.84%,10.32,11.84
comprimir rar online,0,3,18,61,0%,4.92%,9.17,8.69
compresor de carpetas,1,3,45,60,2.22%,5%,6.98,7.58
zip mb reducer,1,3,32,49,3.12%,6.12%,5.66,6.73
compress zip file more,2,3,44,46,4.55%,6.52%,5.52,6.83
compactar pasta zip,2,3,78,46,2.56%,6.52%,9.24,8.17
online folder to zip,2,3,40,41,5%,7.32%,7.53,7.34
kecilkan ukuran zip,1,3,37,40,2.7%,7.5%,6.14,5.6
zip file mb to kb,0,3,18,38,0%,7.89%,4.44,5.34
how to make a zip file even smaller,1,3,31,36,3.23%,8.33%,7.39,8.58
extreme compress zip file,2,3,30,35,6.67%,8.57%,4.63,6.63
how to compress zip files,2,3,59,35,3.39%,8.57%,7.93,8.6
file compressor free online,0,3,72,34,0%,8.82%,8.51,12
zip file compressor 5mb,2,3,33,32,6.06%,9.38%,4.52,5
ffmpeg online tool,2,3,35,31,5.71%,9.68%,6.11,8.13
how to compress zip file into smaller size,1,3,27,30,3.7%,10%,3.78,4.53
perkecil file zip,0,3,15,30,0%,10%,6.73,5.97
comprimir carpetas zip gratis,1,3,25,28,4%,10.71%,6.4,6.39
large file compressor,2,3,215,28,0.93%,10.71%,7.67,14.68
zip file opener online,1,3,32,27,3.12%,11.11%,12.34,29.48
md5 hash translator,0,3,32,26,0%,11.54%,3.69,3.81
reduce size of zip,2,3,18,25,11.11%,12%,5.39,5.52
memperkecil ukuran zip online,2,3,14,24,14.29%,12.5%,5.29,5.04
compress zip to 25 mb,2,3,30,22,6.67%,13.64%,6.23,6.18
memperkecil ukuran zip,0,3,22,22,0%,13.64%,6.55,6.64
compress zip file to 50mb,2,3,22,21,9.09%,14.29%,4.5,5.19
smaller zip file,2,3,24,21,8.33%,14.29%,5.08,5.24
reduce size zip,1,3,24,21,4.17%,14.29%,6.5,5.9
reduce the size of a zip file,1,3,36,21,2.78%,14.29%,7.22,6.38
crack zip password online free,1,3,4,21,25%,14.29%,10.25,9.86
compress zip file below 25mb,0,3,11,20,0%,15%,5.09,5.5
plain text to md5,2,3,23,19,8.7%,15.79%,2.13,2.58
word to md5,0,3,60,19,0%,15.79%,2.65,4.11
how to reduce the folder size,0,3,2,19,0%,15.79%,4,4.37
compress zip file under 25 mb,1,3,25,19,4%,15.79%,7.16,7.32
convert md5 hash to string,2,3,12,18,16.67%,16.67%,4.92,4.39
extreme zip file compressor,1,3,7,18,14.29%,16.67%,4.14,5.11
folder to zip file compressor,0,3,15,18,0%,16.67%,6.2,6.28
compress file size zip,2,3,31,18,6.45%,16.67%,7.23,7.28
zipar pasta de arquivos,1,3,23,18,4.35%,16.67%,6.74,7.67
how to make zip file size smaller,0,3,16,17,0%,17.65%,5.62,4.65
how can i make my zip file smaller,0,3,15,17,0%,17.65%,5.27,5.12
mengecilkan ukuran file zip,0,3,15,17,0%,17.65%,7.8,8.71
how to convert md5 hash to plain text,2,3,16,16,12.5%,18.75%,3.81,4.38
compress zip file free online,1,3,8,15,12.5%,20%,7.12,8.27
kompress folder,0,3,0,14,0%,21.43%,0,2.71
zıp boyut küçültme online,1,3,16,14,6.25%,21.43%,8.94,7.71
تقليل حجم ملف zip,0,3,12,14,0%,21.43%,8.42,8.36
how can i reduce zip file size,2,3,7,13,28.57%,23.08%,4.14,2.92
reducir tamaño de un archivo zip,1,3,22,13,4.55%,23.08%,5.27,5.31
reducir tamaño de una carpeta zip,2,3,20,13,10%,23.08%,4.8,5.54
zip file to reduce size,1,3,21,11,4.76%,27.27%,6.9,7
how to compress a file smaller than zip,0,3,12,11,0%,27.27%,7.17,10.64
compressed folder size reducer,0,3,0,10,0%,30%,0,2.6
zip file compressor under 10 mb,0,3,0,10,0%,30%,0,5.8
md5sum to text,0,3,11,9,0%,33.33%,5.82,4.56
zip password finder online free,0,3,9,8,0%,37.5%,7.89,5.5
compactar pasta para zip,0,3,12,8,0%,37.5%,8,9.62
compress folder for free,0,3,2,7,0%,42.86%,3,1.57
giải md5,2,3,7,7,28.57%,42.86%,4.43,5.14
reduce compressed folder size,2,3,6,6,33.33%,50%,2.67,2.5
abrir zip sin contraseña online,0,3,0,6,0%,50%,0,4.83
unlocker zip,0,3,3,6,0%,50%,10.67,8.5
plp file password remover,0,3,0,3,0%,100%,0,3
ms to date,1,2,941,876,0.11%,0.23%,6.93,7.28
convert milliseconds to date,2,2,496,429,0.4%,0.47%,5.66,6.64
zip a folder,2,2,207,237,0.97%,0.84%,11.87,12.41
split gif,1,2,171,148,0.58%,1.35%,9.64,10
online zip folder,0,2,110,129,0%,1.55%,7.35,7.91
unzip files online free,2,2,117,125,1.71%,1.6%,24.51,38.23
compress files for email,2,2,125,109,1.6%,1.83%,7.75,9.71
kompres zip,1,2,45,93,2.22%,2.15%,11.2,9.65
how to compress a zip file even more,1,2,116,82,0.86%,2.44%,9.53,11.12
heic to jpeg converter,0,2,167,79,0%,2.53%,24.39,23.52
zip a file online,0,2,112,67,0%,2.99%,8.27,9.28
comprimir carpeta,0,2,3,67,0%,2.99%,6.33,9.9
folder zipper,0,2,70,64,0%,3.12%,10.96,11.45
compress files to zip,0,2,84,60,0%,3.33%,11.51,14
comprimir zip en linea gratis,1,2,48,59,2.08%,3.39%,6.92,7.73
carpeta a zip,0,2,116,59,0%,3.39%,9.11,9.08
how to reduce folder size on desktop,0,2,60,58,0%,3.45%,7.13,9.03
lcd testing,2,2,71,53,2.82%,3.77%,5.03,8.21
create zip folder,2,2,128,53,1.56%,3.77%,10.52,15.57
online folder zipper,0,2,57,50,0%,4%,6.79,6.64
comprimir archivos online,0,2,84,50,0%,4%,8.15,10.02
decode md5 hash,0,2,65,45,0%,4.44%,9.98,10.8
make zip folder,2,2,60,43,3.33%,4.65%,8.7,9
compressor zip file,2,2,70,43,2.86%,4.65%,7.89,9.6
convert text to md5,2,2,37,39,5.41%,5.13%,2.08,3.03
ضغط ملف zip مجانًا,2,2,36,39,5.56%,5.13%,8.42,8.97
frame splitter gif,0,2,40,38,0%,5.26%,6.08,6.21
how to compress the folder,0,2,30,34,0%,5.88%,6,6.5
i love zip file,0,2,87,33,0%,6.06%,6.17,7.67
zip file mb to kb converter,2,2,36,32,5.56%,6.25%,5.72,7.12
crop & rotate,0,2,36,31,0%,6.45%,5.69,7.1
remove password from zip file,1,2,53,31,1.89%,6.45%,6.94,13.84
how to resize zip file,2,2,47,30,4.26%,6.67%,5.06,5.6
compress zip further,0,2,30,29,0%,6.9%,5.93,5.38
slideshow maker online free,0,2,21,29,0%,6.9%,64.71,62.24
convertir md5 a texto,1,2,27,28,3.7%,7.14%,4.19,3.71
make zip files smaller,0,2,33,27,0%,7.41%,5.09,5.44
perkecil zip,0,2,22,27,0%,7.41%,6.59,5.67
reduce zip file size free,1,2,28,27,3.57%,7.41%,5.14,5.74
zip file make,0,2,22,27,0%,7.41%,7.64,6.7
compres file zip,2,2,36,27,5.56%,7.41%,6.64,7.15
how to shrink zip file size,0,2,37,26,0%,7.69%,6.59,5.69
zip smaller size,2,2,19,25,10.53%,8%,4.84,4.04
kompres file zip online,0,2,11,25,0%,8%,4.73,4.64
gif to frames online,1,2,42,25,2.38%,8%,4.71,4.96
reduce the size of zip file online,1,2,24,25,4.17%,8%,5.79,6.4
files compressor free,0,2,25,25,0%,8%,8.08,9.2
md5 hash decrypt online,0,2,34,25,0%,8%,9.94,15.24
kompres zip online free,2,2,19,24,10.53%,8.33%,5.95,5.96
reducir peso de zip,0,2,35,24,0%,8.33%,8,7.33
diminuir tamanho do zip,2,2,58,24,3.45%,8.33%,7.48,7.92
md5 to plaintext,1,2,21,23,4.76%,8.7%,4.05,4.78
diminuir tamanho pasta zipada,1,2,37,23,2.7%,8.7%,6.59,7.48
led test online,1,2,62,23,1.61%,8.7%,6,8.52
compress zip file to 100 mb,1,2,15,22,6.67%,9.09%,5.07,5.32
reduce zip,1,2,29,22,3.45%,9.09%,5.79,6.45
zip compresser,1,2,53,21,1.89%,9.52%,7.98,11.95
compress zip file below 10 mb,2,2,17,20,11.76%,10%,4.76,5.55
compress file zip size,1,2,24,20,4.17%,10%,6.33,6.25
bajar peso a un zip,0,2,15,20,0%,10%,8.53,8.2
how to compress a zip file to email,0,2,7,19,0%,10.53%,11,2.16
compress file into zip,0,2,37,19,0%,10.53%,10.35,11.32
compress zip file to 500kb,2,2,22,18,9.09%,11.11%,4.5,5.22
image crop and rotate online,0,2,26,18,0%,11.11%,4.38,5.61
password zip online,0,2,19,18,0%,11.11%,6.63,8.11
unlock zip,2,2,98,18,2.04%,11.11%,7.67,11.78
zip compressor to 10 mb,0,2,20,17,0%,11.76%,5.4,6.35
extreme zip compression,2,2,25,17,8%,11.76%,5.08,6.47
compress the zip file size online,0,2,26,17,0%,11.76%,5.69,7.29
comprimir carpeta a zip gratis,0,2,8,17,0%,11.76%,5.12,7.47
compress email size online,1,2,12,17,8.33%,11.76%,6.17,8.12
comprimir archivo zip,1,2,52,17,1.92%,11.76%,10.77,10.35
kompres file zip 1 mb,0,2,0,16,0%,12.5%,0,6.06
kompres zip ukuran kecil,1,2,6,16,16.67%,12.5%,5,6.44
jpg crop and rotate,0,2,12,16,0%,12.5%,5.67,6.81
zip large files for email,0,2,7,16,0%,12.5%,10,9.81
buka password zip online,3,2,5,15,60%,13.33%,4.2,3.93
nén file zip online free,1,2,21,15,4.76%,13.33%,4.62,4.2
how to compress a folder and reduce its size,2,2,25,15,8%,13.33%,2.88,5.27
super compress zip,0,2,21,15,0%,13.33%,7.33,7
compress winrar file online free,1,2,18,15,5.56%,13.33%,5,8
compress mail,2,2,51,15,3.92%,13.33%,6.55,10.13
how to resize a zip file,1,2,6,14,16.67%,14.29%,2,5
how to reduce file size of zipped folder,0,2,11,14,0%,14.29%,3.73,5.43
compress zip file reduce size,2,2,20,14,10%,14.29%,5.9,5.64
zip file compressor 25 mb,2,2,8,14,25%,14.29%,5.12,6.71
comprimir em zip,0,2,24,14,0%,14.29%,8.83,7.21
zip file reducer online,2,2,15,14,13.33%,14.29%,5.13,11
compress zip folder to 20mb,0,2,4,13,0%,15.38%,4.25,4.54
zip file compressor to 100mb,1,2,12,13,8.33%,15.38%,5.08,5.38
compress zip file reduce size online,0,2,12,13,0%,15.38%,5.17,5.46
zip compressor size,1,2,11,13,9.09%,15.38%,5.36,6.38
make my zip file smaller,0,2,20,13,0%,15.38%,5,7.31
how to convert zip file to smaller size,2,2,17,12,11.76%,16.67%,3.12,3.08
compress all files in a folder,1,2,12,12,8.33%,16.67%,3.25,3.42
compress zip file mb to kb,1,2,13,12,7.69%,16.67%,4.38,3.67
how to reduce mb of zip file,0,2,0,12,0%,16.67%,0,4.58
from md5,0,2,19,12,0%,16.67%,5.11,5.17
zip file compressor to 20mb,0,2,7,12,0%,16.67%,4.43,5.33
reduce winrar file size online free,2,2,10,12,20%,16.67%,4.2,6.33
desencriptar md5 a texto online,1,2,12,12,8.33%,16.67%,7.83,6.83
reduce compressed zip file size,1,2,13,12,7.69%,16.67%,6.85,7.67
تقليل حجم ملف مضغوط zip,2,2,9,12,22.22%,16.67%,10.11,8.42
nén thư mục online,0,2,0,11,0%,18.18%,0,2.73
reduce zip file size below 25 mb,1,2,16,11,6.25%,18.18%,4.81,5.45
online zip file compressor free,1,2,22,11,4.55%,18.18%,6.86,6.09
zip folders online free,0,2,23,11,0%,18.18%,6.83,6.82
reducir tamaño carpeta comprimida,0,2,4,11,0%,18.18%,8.25,8.18
zip unlock,1,2,41,11,2.44%,18.18%,6.2,13.09
compress files free online,0,2,24,11,0%,18.18%,14.62,13.55
online unzip file,0,2,10,11,0%,18.18%,10,26.55
online md5 converter,0,2,20,10,0%,20%,2.9,4
password protected zip file extract online,2,2,19,10,10.53%,20%,5.21,5.7
hacer mas pequeño un archivo zip,1,2,16,10,6.25%,20%,8.25,7.4
bajar tamaño carpeta zip,0,2,6,10,0%,20%,7,7.7
reduce compressed file size,2,2,30,10,6.67%,20%,9.8,10.9
gif frame editor,0,2,0,10,0%,20%,0,14.6
zip pasta online,0,2,3,9,0%,22.22%,6,3.67
comprimir pasta zipada online,1,2,14,9,7.14%,22.22%,4.43,4.44
kompres ukuran file zip menjadi kecil,0,2,7,9,0%,22.22%,5.86,7.89
bajar peso de archivo zip,1,2,22,9,4.55%,22.22%,8.18,8.33
ubah ukuran file zip,0,2,9,9,0%,22.22%,7.67,8.33
online camera test mobile,0,2,0,8,0%,25%,0,4
phone camera quality check,2,2,13,8,15.38%,25%,2.46,4.62
compress large file to smaller size,0,2,6,8,0%,25%,7,8
convert md5 to text online,0,2,0,7,0%,28.57%,0,2.14
text to md5 generator,1,2,3,7,33.33%,28.57%,4.67,2.43
online compress folder size,0,2,0,7,0%,28.57%,0,5.43
reduce zip file size to 5mb online free,0,2,0,7,0%,28.57%,0,5.57
compress file zip online free,0,2,5,7,0%,28.57%,7.4,6.14
online front camera test,0,2,0,7,0%,28.57%,0,6.57
decode md5 online,0,2,26,7,0%,28.57%,8.92,14.86
bộ chuyển đổi tiếng việt,0,2,6,6,0%,33.33%,2.17,2.17
compress folder less than 25 mb,1,2,8,6,12.5%,33.33%,2.12,3.17
kompres file folder,0,2,0,6,0%,33.33%,0,3.5
md5 hash convert,2,2,6,6,33.33%,33.33%,2.17,5.83
compress .zip file,2,2,19,6,10.53%,33.33%,8.16,6
kompres zip 1mb,0,2,22,6,0%,33.33%,6.59,6.5
bajar tamaño de carpeta zip,0,2,11,6,0%,33.33%,7.09,8.17
7z file password remover online,2,2,16,6,12.5%,33.33%,6.81,9.83
lostmypass zip password recovery,0,2,0,6,0%,33.33%,0,22.17
compress foler,0,2,0,5,0%,40%,0,2.8
zip file compressor folder,1,2,3,5,33.33%,40%,3.33,4.2
compress zip file 10 mb,2,2,4,5,50%,40%,3.75,4.8
zip file reduce,0,2,3,5,0%,40%,6.33,5.6
online reduce zip file size,1,2,5,5,20%,40%,4.2,6.4
zip password removal,2,2,8,5,25%,40%,4.38,7.2
how to reverse md5 hash,0,2,2,5,0%,40%,9.5,7.4
unlock zip file without password,0,2,16,5,0%,40%,6.38,8.4
online mobile camera test,0,2,0,4,0%,50%,0,2.25
compactar pastas online,2,2,9,4,22.22%,50%,2.78,3
crack zip file password,0,2,12,4,0%,50%,34.92,23.25
compress zip folder to 10mb,0,2,0,3,0%,66.67%,0,3
lost my password file online,0,2,0,3,0%,66.67%,0,12.67
resize zip folder online,0,2,0,2,0%,100%,0,3.5
test lcd free,0,2,0,2,0%,100%,0,6.5
ffprobe online,2,2,4,2,50%,100%,33.25,17
heic to jpeg,0,1,663,505,0%,0.2%,16.92,19.52
decompress file size,0,1,351,326,0%,0.31%,7.96,8.93
compress a file,2,1,768,294,0.26%,0.34%,10.54,19.06
unminify,2,1,318,291,0.63%,0.34%,13.73,15.79
gif into frames,0,1,341,242,0%,0.41%,6.34,6.52
flatten pdf,0,1,162,239,0%,0.42%,45.99,52.61
online heic to jpg converter,0,1,146,189,0%,0.53%,12.57,9.95
gif to images,1,1,213,169,0.47%,0.59%,9.76,10.14
tool free,1,1,281,152,0.36%,0.66%,4.26,4.82
heic to jpeg converter online,1,1,103,139,0.97%,0.72%,10.2,9.61
file shrinker,0,1,179,138,0%,0.72%,31.74,45.59
online zip file,2,1,326,134,0.61%,0.75%,8.17,9.56
how to make a zip file smaller for email,2,1,128,132,1.56%,0.76%,9.19,5.55
extract gif frames,0,1,139,132,0%,0.76%,8.32,7.97
preflight tool,2,1,136,117,1.47%,0.85%,5.37,4.57
break gif into frames,1,1,96,114,1.04%,0.88%,4.09,4.67
unzip file online,2,1,90,113,2.22%,0.88%,27.04,37.82
javascript unminify,0,1,114,110,0%,0.91%,11.1,10.65
how to compress folder to zip,1,1,227,103,0.44%,0.97%,7.44,7.62
online zip file maker,2,1,196,101,1.02%,0.99%,8.42,8.48
make zip folder online,1,1,136,100,0.74%,1%,10.87,13.55
change heic to jpg,1,1,198,100,0.51%,1%,14.16,18.51
file zipper,0,1,116,95,0%,1.05%,14.33,24.94
tools online,2,1,76,94,2.63%,1.06%,9.14,9.96
make a zip file,0,1,111,92,0%,1.09%,12.75,18